UserID,FirstName,LastName,Email,DateOfBirth,Country,RegistrationDate
aabramin44,Aylmar,Abramin,aabramin44@google.cn,1985-01-10,"United Kingdom",2022-06-29
aaldcornck,Alayne,Aldcorn,aaldcornck@soup.io,1974-02-26,"United States",2021-07-09
aaldridgedw,Aileen,Aldridge,aaldridgedw@nymag.com,2001-06-08,Canada,2022-01-06
abattlefm,Ambrosio,Battle,abattlefm@apple.com,1973-12-21,Canada,2020-06-26
abeccerae2,Ashby,Beccera,abeccerae2@pagesperso-orange.fr,1959-06-23,"United States",2022-11-05
abirbeck36,Aleksandr,Birbeck,abirbeck36@desdev.cn,1982-06-29,Canada,2021-09-12
abradnam,Antonietta,Bradn,abradnam@issuu.com,1958-08-23,"United Kingdom",2020-09-22
abraniff9c,Averil,Braniff,abraniff9c@oaic.gov.au,1959-05-09,"United States",2020-06-27
abruceini,Aggi,Bruce,abruceini@people.com.cn,1982-10-01,"United Kingdom",2022-06-14
acally,Alexia,Call,acally@cbc.ca,1985-06-11,"United Kingdom",2021-04-05
acalvardii,Alard,Calvard,acalvardii@chronoengine.com,1952-12-15,"United Kingdom",2022-05-30
acastane5,Axe,Castane,acastane5@scientificamerican.com,1992-06-29,"United Kingdom",2021-06-01
acatonnet25,Alessandra,Catonnet,acatonnet25@about.me,1950-11-03,"United States",2020-12-26
achasmoore4,Almira,Chasmoor,achasmoore4@freewebs.com,1966-11-06,"United States",2022-11-15
achernikofjl,Alica,Chernikof,achernikofjl@163.com,1987-08-01,"United States",2020-11-21
achiplin,Amelie,Chiplin,achiplin@fastcompany.com,1973-08-19,"United Kingdom",2021-09-22
acliffkc,Alfons,Cliff,acliffkc@businessweek.com,1985-11-28,"United Kingdom",2022-08-05
acristofor57,Arvie,Cristofor,acristofor57@furl.net,1954-02-20,"United States",2020-02-24
acutillfc,Alf,Cutill,acutillfc@t.co,1995-04-16,Canada,2022-05-22
acuttsah,Alica,Cutts,acuttsah@about.me,1958-06-27,"United Kingdom",2022-07-19
ademorenof0,Allix,"De Moreno",ademorenof0@vk.com,1996-04-04,"United States",2021-06-06
adunstan,Aron,Dunstan,adunstan@sun.com,1992-01-01,"United Kingdom",2022-01-05
aedge,Ado,Edg,aedge@businessweek.com,1983-09-24,"United States",2022-02-12
afolkerdbh,Arnaldo,Folkerd,afolkerdbh@wikispaces.com,1975-09-15,"United States",2021-12-13
afrisknehnh,Alberik,Frisknehen,afrisknehnh@flavors.me,1984-01-14,Canada,2020-11-19
agenesegx,Anjanette,Genese,agenesegx@wiley.com,1965-08-01,Canada,2021-04-23
agovett,Aloysius,Govett,agovett@e-recht24.de,1964-06-17,"United Kingdom",2020-08-15
aharcum,Ardyce,Harc,aharcum@weibo.com,1991-04-17,Canada,2022-02-12
ahardg,Adair,Hard,ahardg@guardian.co.uk,1964-05-22,"United States",2020-09-15
aharmondb9,Ansel,Harmond,aharmondb9@boston.com,1967-01-28,"United States",2020-08-13
ahedin6q,Anatole,Hedin,ahedin6q@ycombinator.com,1987-03-24,"United Kingdom",2020-09-25
aheiton7x,Arvy,Heiton,aheiton7x@mayoclinic.com,1970-12-11,"United Kingdom",2021-07-19
ahelietgg,Adlai,Heliet,ahelietgg@angelfire.com,1956-12-20,Canada,2021-03-05
aiacovinofo,Archambault,Iacovino,aiacovinofo@examiner.com,1987-06-29,"United States",2020-06-28
ajozefiakka,Ava,Jozefiak,ajozefiakka@woothemes.com,1992-09-09,"United Kingdom",2022-06-01
akarel11,Any,Karel,akarel11@berkeley.edu,1983-09-24,"United States",2020-03-06
akillgus2,Anthea,Killgus,akillgus2@feedburner.com,1988-12-24,Canada,2021-04-26
akittman,Ashlan,Kittm,akittman@hugedomains.com,1990-08-13,"United Kingdom",2021-01-18
akohlerw,Adair,Kohler,akohlerw@indiegogo.com,1986-12-18,"United States",2022-10-02
aleechgh,Alex,Leech,aleechgh@gmpg.org,1954-02-11,"United Kingdom",2022-07-21
aleggin8k,Audrey,Leggin,aleggin8k@princeton.edu,1963-09-05,"United States",2022-02-22
alindenbluth6x,Abbie,Lindenbluth,alindenbluth6x@discuz.net,1976-04-12,Canada,2021-06-13
aluipold72,Archaimbaud,Luipold,aluipold72@huffingtonpost.com,1965-09-12,"United States",2020-01-23
amahony12,Ax,Mahony,amahony12@dropbox.com,1955-01-16,Canada,2021-03-05
amcclymond6p,Alicea,McClymond,amcclymond6p@nsw.gov.au,1994-12-28,Canada,2022-10-02
amckieg3,Alberto,McKie,amckieg3@seattletimes.com,1996-02-05,Canada,2020-05-18
amelarkey8e,Arley,Melarkey,amelarkey8e@gmpg.org,2002-06-08,Canada,2020-10-03
amertgends,Angela,Mertgen,amertgends@blogger.com,1967-07-17,"United States",2022-03-24
amills,Ailbert,Mill,amills@1und1.de,1960-08-21,Canada,2021-12-22
amistry,Alex,Mis,amistry@xrea.com,1968-08-30,"United States",2022-02-15
anellisihm,Alonso,Nellis,anellisihm@nyu.edu,1983-11-27,Canada,2022-10-04
anewland6w,Annalise,Newland,anewland6w@thetimes.co.uk,1982-12-02,"United Kingdom",2022-09-25
anisot5b,Allys,Nisot,anisot5b@ucsd.edu,1957-03-29,"United States",2022-05-23
anowerfs,Archambault,Nower,anowerfs@spiegel.de,1966-05-08,Canada,2020-11-11
apalekcp,Angelina,Palek,apalekcp@census.gov,1991-11-06,"United States",2022-04-14
aparffreydb,Adan,Parffrey,aparffreydb@xrea.com,1977-10-15,Canada,2021-08-29
apehrssonca,Audy,Pehrsson,apehrssonca@flavors.me,1970-01-28,"United States",2021-07-26
apossell82,Alanna,Possell,apossell82@yahoo.com,1982-08-18,"United Kingdom",2021-08-17
aprujeane9,Ansley,Prujean,aprujeane9@odnoklassniki.ru,1973-12-25,Canada,2021-10-14
aricard84,Arleen,Richard,arleenrichard84@aol.com,1984-10-31,"United States",2021-12-08
asackler8a,Althea,Sackler,asackler8a@slate.com,1993-11-17,"United Kingdom",2021-12-09
asatterly6v,Alina,Satterly,asatterly6v@wix.com,1970-08-29,"United States",2020-04-28
asempillgi3,Adara,Sempill,asempillgi3@domainmarket.com,1976-02-13,Canada,2021-06-04
ashropshireie,Ailina,Shropshire,ashropshireie@arizona.edu,1988-06-02,"United States",2022-06-09
asimonnind9,Alejandrina,Simonnin,asimonnind9@wiley.com,1992-12-18,"United Kingdom",2020-01-20
askyme8b,Amy,Skyme,askyme8b@eepurl.com,1980-02-01,"United States",2022-09-16
asottellh,Abel,Sottell,asottellh@ustream.tv,1998-03-08,"United States",2020-04-30
aspread8d,Ailey,Spread,aspread8d@wordpress.org,1962-06-02,"United States",2021-07-31
astainburnbi,Anne-marie,Stainburn,astainburnbi@macromedia.com,1970-03-28,"United Kingdom",2020-10-01
astillingkee,Alejandra,Stilling,astillingkee@hibu.com,1957-11-06,"United Kingdom",2021-01-04
astocks,Ainslee,Stoc,astocks@xinhuanet.com,1994-05-08,"United States",2021-02-22
astovinghy,Alica,Stoving,astovinghy@cpanel.net,1968-05-24,"United Kingdom",2022-02-21
astpaulex,Analiese,"St. Paul",astpaulex@nyu.edu,2003-03-08,"United Kingdom",2020-08-21
astrass2d,Arabella,Strass,astrass2d@theglobeandmail.com,1974-04-25,Canada,2020-05-03
asturleydm,Arden,Sturley,asturleydm@alexa.com,1986-10-10,Canada,2022-07-20
asykesap,Alecia,Sykes,asykesap@stanford.edu,1954-04-27,"United States",2021-07-03
atuft70,Ansley,Tuft,atuft70@last.fm,1957-10-18,"United Kingdom",2020-06-20
atydd4m,Abbey,Tydd,atydd4m@newsvine.com,1953-08-10,"United Kingdom",2021-08-23
avallint,Amalia,Vallin,avallint@home.pl,1986-11-04,Canada,2020-06-22
awason,Abe,Was,awason@csmonitor.com,1991-07-09,"United Kingdom",2021-08-30
awillettsad,Abie,Willetts,awillettsad@nymag.com,1991-10-04,Canada,2020-09-01
aworpole,Aharon,Worpole,aworpole@cnn.com,1985-07-24,"United States",2022-01-17
bbauldeo,Benjy,Bauld,bbauldeo@prnewswire.com,2000-08-12,"United Kingdom",2021-06-20
bbeardellhw,Brit,Beardell,bbeardellhw@sbwire.com,1977-10-19,Canada,2022-01-21
bbeauchampem,Beltran,Beauchamp,bbeauchampem@earthlink.net,1979-11-05,Canada,2021-02-08
bberthot,Britt,Bert,bberthot@woothemes.com,1994-01-12,Canada,2021-07-04
bboynes,Blane,Boyn,bboynes@cocolog-nifty.com,1995-12-24,"United Kingdom",2020-09-18
bcavee,Brenna,Cave,bcavee@creativecommons.org,1984-05-30,Canada,2022-01-13
bchable1x,Bat,Chable,bchable1x@bbb.org,1988-10-15,Canada,2022-01-15
bchriston,Bobinette,Christon,bchriston@chronoengine.com,1955-06-19,"United States",2021-11-18
bcoadci,Babbette,Coad,bcoadci@github.com,1961-10-08,"United Kingdom",2021-11-28
bcorbouldd8,Bethany,Corbould,bcorbouldd8@miibeian.gov.cn,2000-11-14,Canada,2021-08-23
bcrackettdt,Brnaba,Crackett,bcrackettdt@toplist.cz,1974-11-04,"United Kingdom",2022-04-05
bdabblerhh,Benedicta,Dabbler,bdabblerhh@unesco.org,1988-02-14,Canada,2022-04-01
bdunnetdi,Bliss,Dunnet,bdunnetdi@nature.com,1966-05-11,"United Kingdom",2022-07-25
bferentz8p,Benedicta,Ferentz,bferentz8p@phpbb.com,1955-04-21,"United States",2022-11-27
bflancinbaume3,Boot,Flancinbaum,bflancinbaume3@virginia.edu,1957-07-22,"United Kingdom",2022-06-27
bflippinieu,Boothe,Flippini,bflippinieu@networkadvertising.org,1972-06-27,"United States",2022-10-10
bfreestone,Benedicto,Freestone,bfreestone@php.net,1977-01-04,"United Kingdom",2020-06-28
bgeertje3v,Bathsheba,Geertje,bgeertje3v@merriam-webster.com,1962-07-18,"United States",2021-10-15
bgoveyaf,Broddie,Govey,bgoveyaf@accuweather.com,1950-11-04,"United Kingdom",2021-04-22
bhanbidgeii,Bernhard,Hanbidge,bhanbidgeii@usatoday.com,1986-12-18,"United Kingdom",2020-10-27
bhannibal3r,Barbra,Hannibal,bhannibal3r@4shared.com,1978-10-31,"United Kingdom",2020-07-18
bholstein,Bastian,Holste,bholstein@amazon.de,1996-02-02,Canada,2020-06-05
bimpey2b,Bill,Impey,bimpey2b@nasa.gov,1968-12-26,Canada,2021-06-04
bjosifovichhm,Benny,Josifovich,bjosifovichhm@amazon.de,1988-12-19,"United States",2022-11-21
bkhangs,Bron,Khan,bkhangs@behance.net,2000-08-03,"United States",2022-05-21
bkidderi9,Benji,Kidder,bkidderi9@toplist.cz,1998-12-25,"United Kingdom",2020-10-15
bkline,Brennan,Kli,bkline@livejournal.com,1962-01-21,"United States",2020-04-22
blamewood,Birgitta,Lamew,blamewood@chron.com,1968-10-09,"United Kingdom",2021-07-15
blankshear,Bellina,Lanks,blankshear@hibu.com,1983-11-24,"United Kingdom",2021-06-02
blethcoe4b,Batholomew,Lethcoe,blethcoe4b@eventbrite.com,1997-04-28,"United States",2021-07-01
blichfield,Brunhilde,Lich,blichfield@foxnews.com,1982-05-24,"United Kingdom",2020-09-18
blovelock9h,Blondie,Lovelock,blovelock9h@nature.com,1950-10-01,"United Kingdom",2020-04-13
bmacg,Bonita,Mac,bmacg@oaic.gov.au,1961-12-02,"United States",2021-10-14
bmackie,Brenna,Mack,bmackie@abc.net.au,1980-04-28,Canada,2021-09-04
bmanneville5h,Bron,Manneville,bmanneville5h@wikimedia.org,1988-01-10,"United Kingdom",2021-02-10
bmardlingkf,Byram,Mardling,bmardlingkf@e-recht24.de,1965-04-23,"United Kingdom",2021-07-06
bmarloweeq,Briggs,Marlowe,bmarloweeq@cbc.ca,1999-08-05,Canada,2020-05-22
bmcilwreathfl,Barret,McIlwreath,bmcilwreathfl@bloglovin.com,1959-07-05,Canada,2022-08-10
bmckimmie,Brana,McKim,bmckimmie@live.com,1965-01-14,"United Kingdom",2021-02-08
bmcteer18,Bobbe,McTeer,bmcteer18@slideshare.net,1976-10-09,"United States",2020-06-09
bmessum,Bordie,Messu,bmessum@fotki.com,1980-02-19,"United States",2021-08-04
bmeysham,Benedicta,Meys,bmeysham@nsw.gov.au,1988-02-24,"United Kingdom",2020-02-18
bmill1l,Bradney,Mill,bmill1l@abc.net.au,1994-04-16,"United Kingdom",2021-02-11
bpanditlejjs,Bary,Panditle,bpanditlejjs@wordpress.org,1987-01-04,"United Kingdom",2021-07-08
bplowell5m,Brenden,Plowell,bplowell5m@sciencedirect.com,1956-07-21,Canada,2021-10-18
bportma,Betteann,Port,bportma@amazon.co.uk,1993-02-26,Canada,2021-07-24
bschelligt,Bunni,Schellig,bschelligt@facebook.com,2003-12-25,Canada,2022-01-26
bsheward6j,Beltran,Sheward,bsheward6j@paginegialle.it,1956-04-05,Canada,2021-04-27
bsmeeseyjy,Bunny,Smeesey,bsmeeseyjy@examiner.com,1981-04-17,Canada,2021-08-01
bspadotto2p,Bryana,Spadotto,bspadotto2p@blogspot.com,1995-12-28,"United Kingdom",2021-12-04
bstephens9p,Bealle,Stephens,bstephens9p@answers.com,1967-01-26,Canada,2021-12-12
bstrotond6,Bell,Stroton,bstrotond6@zimbio.com,1966-09-10,Canada,2022-10-21
bstuddf,Bonnibelle,Studdf,bstuddf@hugedomains.com,1987-08-18,Canada,2020-07-26
bsuttlingbj,Biddie,Suttling,bsuttlingbj@mapy.cz,1967-01-26,"United States",2021-02-14
btorrance4p,Betty,Torrance,btorrance4p@boston.com,1980-11-02,"United Kingdom",2021-04-13
btybaltile,Brier,Tybalt,btybaltile@wisc.edu,1961-08-28,"United States",2020-08-29
bvalenta2h,Bayard,Valenta,bvalenta2h@nationalgeographic.com,1979-01-28,Canada,2022-03-01
cbanks,Clair,Ban,cbanks@posterous.com,1974-01-19,"United States",2021-09-06
cbarwis9d,Curtice,Barwis,cbarwis9d@addtoany.com,1978-07-08,"United States",2020-03-10
cbeadeljo,Carmelita,Beadel,cbeadeljo@cam.ac.uk,1982-01-13,"United States",2021-12-10
cbeauen,Cobby,Beau,cbeauen@blogger.com,1951-11-27,Canada,2022-04-27
cbeverk4,Cleve,Bever,cbeverk4@cam.ac.uk,1977-07-11,"United Kingdom",2022-06-19
cbiddell,Cory,Bidde,cbiddell@wix.com,1988-08-16,"United Kingdom",2021-10-06
cbrisgj,Cointon,Bris,cbrisgj@simplemachines.org,1988-07-30,"United States",2022-01-04
cbryano,Camey,Bryan,cbryano@newyorker.com,1985-06-09,"United Kingdom",2021-12-20
cbuckthorp37,Christen,Buckthorp,cbuckthorp37@archive.org,1976-08-15,"United States",2022-01-31
cbullant,Chick,Bullant,cbullant@umich.edu,1984-12-27,"United States",2021-12-21
cbumfordan,Claiborne,Bumford,cbumfordan@is.gd,2002-02-04,Canada,2022-10-08
cbusek4r,Caitrin,Busek,cbusek4r@linkedin.com,1961-01-02,Canada,2022-03-20
cbuxton38,Cristen,Buxton,cbuxton38@pbs.org,1966-10-10,"United Kingdom",2022-07-10
ccalafate9f,Conney,Calafate,ccalafate9f@whitehouse.gov,1955-07-18,"United States",2020-07-30
ccamblin6r,Carrol,Camblin,ccamblin6r@vistaprint.com,1950-12-28,"United States",2021-03-25
ccampe,Caritta,Camp,ccampe@accuweather.com,1962-12-02,"United Kingdom",2020-07-26
ccessb3,Carmel,Cess,ccessb3@reference.com,1957-01-16,"United Kingdom",2022-11-21
cchallener9s,Carver,Challener,cchallener9s@tripod.com,1984-01-02,"United States",2020-01-02
cchatersg,Cori,Chaters,cchatersg@phoca.cz,1998-03-15,"United Kingdom",2020-09-01
cchetham3q,Carly,Chetham,cchetham3q@dropbox.com,1960-06-26,Canada,2020-12-05
ccloweyhl,Candice,Clowey,ccloweyhl@nsw.gov.au,1967-06-26,Canada,2021-06-07
ccopysonht,Courtnay,Copyson,ccopysonht@pagesperso-orange.fr,1990-02-25,Canada,2020-11-28
ccoshk9,Cleo,Cosh,ccoshk9@google.co.uk,1985-01-05,"United Kingdom",2022-05-16
ccrawford13,Colline,Crawford,ccrawford13@epa.gov,1976-02-29,"United States",2021-10-23
ccrookson,Cissiee,Crookson,ccrookson@boston.com,1971-06-19,"United Kingdom",2020-07-18
cdaulton9q,Clementia,Daulton,cdaulton9q@berkeley.edu,1971-12-08,Canada,2021-07-05
cdawby8o,Christie,Dawby,cdawby8o@yolasite.com,1965-03-29,"United Kingdom",2022-08-24
cde,Claribel,D,cde@live.com,1964-09-21,Canada,2020-04-24
cdennehy1,Claudie,Dennehy,cdennehy1@indiegogo.com,1998-04-02,"United States",2021-07-10
cdipple,Cissiee,Dipple,cdipple@paginegialle.it,1977-07-06,Canada,2021-08-12
cdoogue,Cynthea,Doog,cdoogue@themeforest.net,1965-11-12,"United States",2022-01-17
cdreief,Cedric,Drei,cdreief@aol.com,1960-09-22,"United States",2021-09-02
celia,Clari,Eli,celia@forbes.com,1972-06-21,Canada,2022-09-25
cfautlyb4,Catlaina,Fautly,cfautlyb4@issuu.com,1991-11-10,"United Kingdom",2021-11-02
cfinnicka3,Chip,Finnick,cfinnicka3@over-blog.com,1961-05-26,"United Kingdom",2022-12-13
cfomichy,Caty,Fomic,cfomichy@jalbum.net,1966-09-26,Canada,2022-10-07
cfreynecr,Constantine,Freyne,cfreynecr@cnbc.com,1973-11-06,Canada,2021-07-16
cfurnivalac,Carin,Furnival,cfurnivalac@blogspot.com,1969-12-06,"United States",2020-10-30
cgianinazzi,Celina,Gianinazzi,cgianinazzi@fda.gov,1964-09-09,Canada,2021-11-29
cgillian,Corey,Gillia,cgillian@youku.com,1965-01-06,Canada,2020-05-08
cglynn3x,Cecil,Glynn,cglynn3x@mediafire.com,1952-12-27,"United States",2022-07-25
cgomm,Creigh,Gomm,cgomm@netscape.com,1967-10-23,"United States",2022-11-02
cgores74,Clarita,Gores,cgores74@sogou.com,1999-05-02,"United Kingdom",2021-05-10
cgreenliesai,Cesar,Greenlies,cgreenliesai@techcrunch.com,1971-07-17,"United States",2020-07-27
cgregol,Caleb,Greg,cgregol@webs.com,1981-10-14,"United States",2020-09-28
charken6,Cobbie,Harken,charken6@addthis.com,1982-08-30,"United Kingdom",2020-04-25
charmestong5,Carolan,Harmeston,charmestong5@forbes.com,1985-10-13,"United States",2020-10-08
charringe,Chiquita,Harring,charringe@photobucket.com,1980-10-10,Canada,2022-08-01
chillhouse1i,Caz,Hillhouse,chillhouse1i@cbc.ca,1998-08-17,"United Kingdom",2022-08-21
cirelan,Cale,Irel,cirelan@jalbum.net,1983-05-19,"United Kingdom",2021-05-13
cjenningsft,Cortney,Jennings,cjenningsft@adobe.com,1975-10-04,Canada,2020-10-15
ckentwelldf,Coleman,Kentwell,ckentwelldf@deviantart.com,1992-09-09,"United States",2021-04-21
clangland71,Caresa,Langland,clangland71@samsung.com,1961-06-02,"United Kingdom",2020-08-23
clervenae,Codi,Lerven,clervenae@umich.edu,1983-09-26,"United States",2022-03-10
cleyland8f,Cleve,Leyland,cleyland8f@whitehouse.gov,1982-10-24,Canada,2021-03-19
clongega1g,Carlita,Longega,clongega1g@exblog.jp,2000-01-01,Canada,2021-08-24
cmacakgp,Cheston,Macak,cmacakgp@imdb.com,2000-07-13,"United Kingdom",2022-10-27
cmacwhirter21,Constantin,MacWhirter,cmacwhirter21@360.cn,1987-11-04,"United Kingdom",2020-07-31
cmadrel,Clari,Madr,cmadrel@barnesandnoble.com,1970-08-24,"United States",2020-09-05
cmattam5v,Cicily,Mattam,cmattam5v@themeforest.net,1979-06-24,"United States",2020-01-14
cmckibbenbr,Connie,McKibben,cmckibbenbr@purevolume.com,1974-12-07,"United States",2020-05-31
cmoynham,Clio,Moyn,cmoynham@rakuten.co.jp,1990-12-08,"United Kingdom",2022-09-05
cmusker2t,Cesya,Musker,cmusker2t@yellowbook.com,1986-02-04,"United States",2020-06-22
cnettels,Celinka,Nettels,cnettels@slashdot.org,1987-12-05,Canada,2022-11-06
cnolleau7t,Cory,Nolleau,cnolleau7t@bigcartel.com,1976-02-21,"United States",2022-03-31
colongainc7,Clotilda,O'Longain,colongainc7@weather.com,1993-08-10,"United States",2022-06-02
cpiati,Cathyleen,Piat,cpiati@reuters.com,1997-04-17,Canada,2022-04-16
crasher,Celinka,Rash,crasher@kickstarter.com,1985-07-18,"United States",2022-05-25
crenforthdv,Claudius,Renforth,crenforthdv@chronoengine.com,1982-01-21,"United Kingdom",2022-07-16
criggoll39,Craggy,Riggoll,criggoll39@china.com.cn,1950-01-05,"United States",2021-04-18
croulston69,Connor,Roulston,croulston69@zdnet.com,2003-07-03,Canada,2022-01-20
crumpf,Caddric,Rump,crumpf@zdnet.com,1974-02-12,"United Kingdom",2020-06-22
csaddler,Corrinne,Saddl,csaddler@forbes.com,1995-04-15,"United Kingdom",2020-06-10
csapri6,Cassie,Sapir,csapri6@statcounter.com,1957-08-26,"United States",2021-05-30
csarll4k,Clayton,Sarll,csarll4k@businessweek.com,2001-03-25,"United Kingdom",2022-09-30
cscowenc8,Caddric,Scowen,cscowenc8@simplemachines.org,1997-03-06,Canada,2022-03-07
csifflett4g,Carlota,Sifflett,csifflett4g@bluehost.com,1994-08-10,"United States",2022-05-25
csimm96,Corry,Simm,csimm96@engadget.com,1984-02-18,"United States",2022-05-18
csimpkin4o,Christy,Simpkin,csimpkin4o@fda.gov,1979-05-31,Canada,2020-08-30
cskinnri7,Conway,Skinner,cskinnri7@admin.ch,1959-05-25,"United States",2020-05-09
csnuff,Clovis,Snuf,csnuff@tinyurl.com,1986-07-04,"United Kingdom",2022-11-29
csoldidu,Chaddie,Soldi,csoldidu@stumbleupon.com,1982-05-25,"United Kingdom",2020-10-14
cstevengu,Cchaddie,Steven,cstevengu@merriam-webster.com,1987-09-26,"United States",2022-03-22
ctomaskov7v,Claudian,Tomaskov,ctomaskov7v@statcounter.com,1994-05-07,Canada,2020-11-16
ctopping,Corinna,Topp,ctopping@timesonline.co.uk,1959-02-06,"United States",2020-08-26
ctovely,Cecelia,Tovel,ctovely@businessweek.com,1991-04-15,"United Kingdom",2021-06-14
ctrustied3,Corabelle,Trustie,ctrustied3@wired.com,1964-09-18,"United States",2020-07-29
ctwizell3t,Corry,Twizell,ctwizell3t@unesco.org,1969-08-06,"United Kingdom",2020-04-15
culyeta,Colline,Ulyet,culyeta@biglobe.ne.jp,1992-07-03,Canada,2021-05-05
cvardon7w,Cathlene,Vardon,cvardon7w@mozilla.com,2001-11-24,"United States",2022-03-20
cwalliker63,Catlin,Walliker,cwalliker63@tamu.edu,1971-04-16,"United Kingdom",2022-11-29
cwarchw,Cherilyn,Warch,cwarchw@dion.ne.jp,1952-01-27,"United States",2020-05-19
cwickwar3i,Cyrill,Wickwar,cwickwar3i@deviantart.com,1955-11-08,"United States",2021-07-13
cwooldridgiie,Cleve,Wooldridg,cwooldridgiie@multiply.com,1998-11-23,"United States",2021-04-26
cyouston,Chandal,Yousto,cyouston@tumblr.com,1987-05-17,"United Kingdom",2021-11-18
dankrettbo,Dulcia,Ankrett,dankrettbo@unblog.fr,1981-06-13,"United Kingdom",2021-05-31
darrell1w,Danila,Arrell,darrell1w@tinypic.com,1969-04-10,"United States",2022-11-30
dballethj,Donal,Ballet,dballethj@tripadvisor.com,1964-04-11,"United Kingdom",2021-09-29
dbassingham19,Dacey,Bassingham,dbassingham19@japanpost.jp,1997-09-27,"United States",2022-11-13
dbaudouxe,Danita,Baudoux,dbaudouxe@delicious.com,1989-05-31,"United Kingdom",2020-08-18
dbeaushaw4n,Dieter,Beaushaw,dbeaushaw4n@nydailynews.com,1979-02-02,Canada,2020-10-23
dboughton2m,Dorothee,Boughton,dboughton2m@sciencedaily.com,1989-02-19,Canada,2020-01-16
dboughton4,Daffy,Boughton,dboughton4@webs.com,1996-07-04,"United States",2021-05-18
dbrockestie,Dorri,Brockest,dbrockestie@kickstarter.com,1967-07-24,Canada,2022-08-18
dbullettrjr,Davin,Bullett,dbullettrjr@slate.com,1991-06-22,Canada,2020-06-18
dcavetih,Delano,Cavet,dcavetih@issuu.com,1954-08-22,"United Kingdom",2021-05-13
dcominu,Derrik,Cominu,dcominu@state.tx.us,1952-08-09,"United Kingdom",2021-05-18
dcordier1o,Dara,Cordier,dcordier1o@engadget.com,1990-08-03,"United States",2021-07-25
dcustance10,Devin,Custance,dcustance10@mozilla.org,1953-04-28,Canada,2021-05-23
ddabnerg2,Denyse,Dabner,ddabnerg2@home.pl,1958-04-20,"United Kingdom",2022-04-07
ddesmond7i,Dav,Desmond,ddesmond7i@fc2.com,1980-02-18,"United Kingdom",2020-09-28
ddexter,Doreen,Dexter,ddexter@senate.gov,1953-05-04,Canada,2022-07-15
ddoggerellaw,Dianna,Doggerell,ddoggerellaw@nba.com,1957-12-31,"United Kingdom",2020-11-02
ddunckley,Diann,Dunck,ddunckley@ucoz.ru,1956-10-21,Canada,2021-06-18
delmoredo,Dorella,Elmore,delmoredo@fastcompany.com,1976-04-25,Canada,2021-10-06
deloyag,Debi,Eloy,deloyag@mac.com,1990-09-18,"United Kingdom",2020-01-04
dflacknell,Dulcie,Flackn,dflacknell@uol.com.br,1971-09-21,Canada,2021-08-13
dgaitskella5,Desmond,Gaitskell,dgaitskella5@delicious.com,1979-09-27,"United States",2022-03-05
dgeraud9,Dannie,Geraud,dgeraud9@bloglines.com,1972-05-01,Canada,2021-01-28
dhall3a,Duky,Hall,dhall3a@netlog.com,1976-03-28,"United States",2021-09-23
dhansana,Dun,Hans,dhansana@earthlink.net,1967-12-27,"United Kingdom",2022-02-04
dhassell43,Donaugh,Hassell,dhassell43@desdev.cn,1969-06-06,Canada,2021-01-29
dhassent93,Dominique,Hassent,dhassent93@weebly.com,2002-01-21,"United Kingdom",2022-07-27
discowitze6,Devlin,Iscowitz,discowitze6@forbes.com,1968-11-01,"United States",2021-08-11
djoinsonhi,Donalt,Joinson,djoinsonhi@ustream.tv,1983-05-23,Canada,2021-02-09
dkleeman,Dore,Kleem,dkleeman@slate.com,1997-07-27,Canada,2021-04-02
dkleinmintz,Darbie,Kleinm,dkleinmintz@bandcamp.com,1978-07-23,"United States",2020-08-23
dkondratew,Daniela,Kondrat,dkondratew@eepurl.com,1986-08-02,"United Kingdom",2021-06-05
dkordova99,Daile,Kordova,dkordova99@devhub.com,1966-09-14,"United Kingdom",2022-06-21
dkwietek6c,Dalenna,Kwietek,dkwietek6c@discovery.com,1998-02-04,"United Kingdom",2022-09-13
dladburyij,Denna,Ladbury,dladburyij@sun.com,1981-04-15,"United States",2021-01-14
dlautiecg,Dallis,Lautie,dlautiecg@homestead.com,1979-03-17,Canada,2021-06-25
dlearnedbm,Dari,Learned,dlearnedbm@guardian.co.uk,1959-12-09,"United States",2021-08-15
dlinnett9n,Deanne,Linnett,dlinnett9n@pbs.org,1984-02-19,"United Kingdom",2021-04-07
dluck22,Debra,Luck,dluck22@google.pl,1982-02-01,Canada,2022-06-02
dmackeandc,Delmor,MacKean,dmackeandc@samsung.com,1951-05-02,"United States",2022-05-10
dmackenny7b,Darell,MacKenny,dmackenny7b@cafepress.com,1979-09-27,"United Kingdom",2021-09-19
dmassinghamgr,Darice,Massingham,dmassinghamgr@reference.com,1957-04-19,"United Kingdom",2020-05-25
dmcdonellbt,Desdemona,McDonell,dmcdonellbt@bloglines.com,1991-12-23,"United Kingdom",2021-10-03
dmell,Doria,Mell,dmell@sciencedaily.com,1983-04-19,Canada,2020-12-23
dpointing85,Davon,Pointing,dpointing85@taobao.com,1999-04-19,"United States",2022-12-16
dpomphreyf6,Drusy,Pomphrey,dpomphreyf6@ucoz.com,1957-10-05,"United Kingdom",2020-06-07
dpotellfj,Dimitry,Potell,dpotellfj@about.com,1985-01-04,"United States",2021-10-14
drangelibh,Daisi,Rangel,drangelibh@netscape.com,1968-11-28,Canada,2021-12-15
drosende,Darb,Rosen,drosende@about.me,1963-07-08,Canada,2021-05-12
dsabertonn,Drew,Saberton,dsabertonn@ezinearticles.com,1952-05-31,"United Kingdom",2021-12-24
dscanlon9b,Duncan,Scanlon,dscanlon9b@squidoo.com,1979-01-02,"United States",2022-08-26
dsedger,Darlene,Sedge,dsedger@bigcartel.com,1973-07-04,"United Kingdom",2021-12-24
dsmorishhq,Drucill,Smorish,dsmorishhq@wisc.edu,1987-06-11,"United States",2021-01-29
dsnell,Danielle,Snell,dsnell@is.gd,1970-04-02,"United States",2022-10-08
dsnelsonbv,Darcie,Snelson,dsnelsonbv@comcast.net,1978-09-26,"United Kingdom",2020-12-08
dstampfer,Denney,Stam,dstampfer@go.com,1987-04-19,Canada,2021-07-23
dtalkingtonav,Danice,Talkington,dtalkingtonav@issuu.com,1996-09-28,Canada,2021-10-26
dtointon5d,Dreddy,Tointon,dtointon5d@delicious.com,1978-12-14,"United States",2022-03-17
dtrobee1,Duffie,Trobe,dtrobee1@sakura.ne.jp,1985-06-01,Canada,2020-06-26
dvellacott1u,Dean,Vellacott,dvellacott1u@fotki.com,1965-07-21,"United Kingdom",2021-08-05
dvenners75,Dom,Venners,dvenners75@sitemeter.com,1971-02-17,"United States",2022-11-04
dwebberley4i,Dru,Webberley,dwebberley4i@4shared.com,1951-07-23,Canada,2020-01-18
dwheeltonv,Daphene,Wheelton,dwheeltonv@cmu.edu,1961-04-03,"United States",2020-11-25
dwoofenden,Dene,Woofe,dwoofenden@japanpost.jp,1977-04-19,"United Kingdom",2021-01-18
dwrotten,Derrik,Wrotten,dwrotten@cocolog-nifty.com,1953-11-09,"United States",2020-06-05
eallot1k,Erskine,Allot,eallot1k@cyberchimps.com,1965-11-11,Canada,2021-04-10
ealtimasee,Ephrayim,Altimas,ealtimasee@yandex.ru,1995-03-20,"United Kingdom",2022-08-11
ebelanili,Editha,Belani,ebelanili@google.pl,1961-11-15,"United States",2021-12-08
ebourable,Evyn,Bourable,ebourable@wsj.com,1956-01-18,Canada,2021-08-26
ebrimm8z,Erl,Brimm,ebrimm8z@rediff.com,1997-07-30,"United States",2022-04-03
eburgill4s,Emmye,Burgill,eburgill4s@cdc.gov,1977-02-08,Canada,2020-12-11
eburness,Elsinore,Burne,eburness@slashdot.org,1965-10-13,"United States",2020-02-28
ebuttler2g,Eadith,Buttler,ebuttler2g@w3.org,1992-08-10,Canada,2021-08-25
ecastroei,Elroy,Castro,ecastroei@gizmodo.com,1968-08-07,"United Kingdom",2020-01-23
ecollerbu,Emmalynne,Coller,ecollerbu@alibaba.com,1997-08-18,Canada,2020-04-14
edeng,Esmaria,Deng,edeng@a8.net,1990-07-11,"United States",2020-06-16
edilrew2v,Elyse,Dilrew,edilrew2v@joomla.org,1963-03-19,"United Kingdom",2022-09-10
edimitriev,Eddy,Dimitri,edimitriev@simplemachines.org,1986-12-30,Canada,2021-07-22
edmitrichenko95,El,Dmitrichenko,edmitrichenko95@yahoo.com,1998-12-26,"United Kingdom",2020-11-05
edoght,Esmaria,Doght,edoght@bloglines.com,1977-07-10,"United States",2021-12-19
edrears,Edi,Drea,edrears@creativecommons.org,1960-01-20,Canada,2022-08-12
eferrei,Ernaline,Ferr,eferrei@ow.ly,1972-09-13,Canada,2021-09-14
efilshinok0,Elnar,Filshin,efilshinok0@redcross.org,1961-01-08,Canada,2022-09-08
efriend,Elayne,Frien,efriend@cpanel.net,1961-07-27,"United Kingdom",2021-01-14
egatcliff2l,Erin,Gatcliff,egatcliff2l@clickbank.net,1960-04-16,"United Kingdom",2022-11-06
egrubey,Ethelind,Grube,egrubey@cbc.ca,1966-10-06,"United Kingdom",2021-06-01
einettal,Ervin,Inett,einettal@psu.edu,1975-05-05,"United Kingdom",2021-02-26
einglesantfk,Euell,Inglesant,einglesantfk@indiegogo.com,1976-05-10,Canada,2021-05-22
ejarleyhz,Elihu,Jarley,ejarleyhz@ebay.com,1965-10-29,"United Kingdom",2021-09-24
ekelle9r,Elisha,Kelle,ekelle9r@free.fr,1950-06-04,"United Kingdom",2020-11-18
elally2k,Emilee,Lally,elally2k@indiegogo.com,1997-01-03,"United Kingdom",2022-11-04
emariotes,Evin,Mariote,emariotes@home.pl,1981-04-01,Canada,2022-11-21
emarshallsayd1,Evania,Marshallsay,emarshallsayd1@ovh.net,1994-01-31,"United States",2021-04-09
emeys5z,Enrique,Meys,emeys5z@rakuten.co.jp,1968-12-18,Canada,2020-03-04
emitchiner29,Elysia,Mitchiner,emitchiner29@dot.gov,1988-07-24,"United Kingdom",2022-06-17
emonti,Evangeline,Mont,emonti@mlb.com,1984-04-27,Canada,2022-02-22
enores,Eddy,Nor,enores@behance.net,1961-08-27,"United Kingdom",2021-04-09
enutting3h,Eliot,Nutting,enutting3h@dot.gov,1958-05-24,"United Kingdom",2021-10-07
epascoe5n,Ephrem,Pascoe,epascoe5n@blog.com,2003-11-17,"United States",2021-12-08
eperren,Elisa,Perren,eperren@comsenz.com,1957-05-21,"United Kingdom",2021-01-20
epheps,Editha,Phep,epheps@tripod.com,1981-05-06,Canada,2020-11-16
esnowsill28,Enoch,Snowsill,esnowsill28@moonfruit.com,1998-06-21,"United Kingdom",2021-02-12
esoamesh4,Ericha,Soames,esoamesh4@blogger.com,1960-01-23,"United Kingdom",2022-05-17
espark,Evey,Spar,espark@answers.com,1998-11-01,Canada,2022-06-20
esullivan,Esmeralda,Sullivan,esullivan@cbc.ca,1981-01-24,"United States",2020-12-15
esupplek1,Emmeline,Supple,esupplek1@guardian.co.uk,1987-07-15,Canada,2021-06-20
eswaddleel,Elsie,Swaddle,eswaddleel@theglobeandmail.com,1993-06-28,"United Kingdom",2022-03-17
etayspellbw,Easter,Tayspell,etayspellbw@hhs.gov,2002-09-06,"United Kingdom",2021-05-30
etertreea,Electra,Tertre,etertreea@xrea.com,1986-02-04,"United States",2020-01-12
eturville6z,Eran,Turville,eturville6z@smugmug.com,1981-10-21,"United States",2022-03-03
eworge5x,Essie,Worge,eworge5x@noaa.gov,1953-04-02,"United Kingdom",2021-10-25
ewornhamhn,Ettore,Wornham,ewornhamhn@livejournal.com,1973-08-11,"United States",2021-05-01
fbartaletti90,Flynn,Bartaletti,fbartaletti90@naver.com,1971-10-03,"United Kingdom",2022-02-21
fbavister3d,Fredelia,Bavister,fbavister3d@examiner.com,1982-04-14,"United Kingdom",2020-08-12
fbeneix,Fleurette,Bene,fbeneix@macromedia.com,1992-10-15,"United Kingdom",2022-01-26
fbrabona9,Florette,Brabon,fbrabona9@dedecms.com,1966-04-03,Canada,2020-09-15
fcasimo,Faye,Casi,fcasimo@ameblo.jp,1962-06-05,"United States",2020-12-16
fchristophe6s,Flint,Christophe,fchristophe6s@bluehost.com,1956-04-24,"United States",2021-10-31
fdentinif,Faye,Dentin,fdentinif@domainmarket.com,1958-06-22,"United Kingdom",2022-11-30
fdomelowz,Freddy,Domelow,fdomelowz@cpanel.net,1963-06-17,"United Kingdom",2022-06-23
fdominey6i,Fergus,Dominey,fdominey6i@state.tx.us,1975-10-31,"United Kingdom",2020-04-03
ffardoy,Filippa,Fardo,ffardoy@chicagotribune.com,1988-04-06,Canada,2020-12-29
fgladdorh7,Fara,Gladdor,fgladdorh7@microsoft.com,1984-09-04,"United Kingdom",2020-07-03
fgoddenkd,Felecia,Godden,fgoddenkd@angelfire.com,1997-07-07,"United Kingdom",2022-06-26
fgourlayfh,Frans,Gourlay,fgourlayfh@barnesandnoble.com,1958-06-14,Canada,2020-08-11
fgronav,Felipe,Gron,fgron@ameblo.jp,1988-07-06,"United States",2022-06-24
fhodcroft58,Frankie,Hodcroft,fhodcroft58@nydailynews.com,1981-04-09,Canada,2021-01-14
fhynsonfw,Ferrel,Hynson,fhynsonfw@vkontakte.ru,1952-10-13,"United States",2020-08-27
fivamy2s,Farris,Ivamy,fivamy2s@tmall.com,2001-08-17,"United Kingdom",2022-03-11
fixor4h,Farlay,Ixor,fixor4h@liveinternet.ru,1960-04-29,"United Kingdom",2022-11-17
fmcmoniesc2,Fawnia,McMonies,fmcmoniesc2@psu.edu,1996-04-16,Canada,2020-05-04
fmiskenhp,Fidole,Misken,fmiskenhp@quantcast.com,1982-07-21,"United States",2022-08-05
fplevinq,Freeman,Plevin,fplevinq@howstuffworks.com,1956-07-10,"United States",2020-10-21
fsaffon,Florella,Saffon,fsaffon@multiply.com,1988-03-25,"United Kingdom",2020-11-09
fscoled0,Flo,Scole,fscoled0@bloglines.com,1960-09-25,"United Kingdom",2022-08-12
fseale,Fairfax,Seal,fseale@usnews.com,1980-09-14,"United States",2021-01-05
fsimancz,Franzen,Siman,fsimancz@google.nl,1975-08-06,"United Kingdom",2020-04-09
fskellenjm,Flory,Skellen,fskellenjm@thetimes.co.uk,1988-10-26,"United Kingdom",2021-04-15
fullettha,Franciska,Ullett,fullettha@unblog.fr,1971-07-09,"United Kingdom",2022-11-26
fvanbrugh7,Fifine,VanBrugh,fvanbrugh7@flavors.me,1994-02-08,Canada,2021-05-07
fvasilevich8x,Fiann,Vasilevich,fvasilevich8x@godaddy.com,1967-03-30,Canada,2021-09-16
fwathalln,Flossi,Wathall,fwathalln@sbwire.com,1978-09-10,Canada,2022-02-15
fworld81,Franni,World,fworld81@ocn.ne.jp,1955-02-28,"United States",2020-06-23
galkka,Granger,Alk,galkka@harvard.edu,1984-10-19,Canada,2021-08-24
gaubray8i,Genevra,Aubray,gaubray8i@cbsnews.com,1967-12-06,Canada,2022-06-02
gbaston,Genny,Bas,gbaston@opensource.org,1973-09-22,"United States",2020-06-14
gbeecki8,Gerrilee,Beeck,gbeecki8@forbes.com,1995-02-11,Canada,2022-02-11
gbenjamin1z,Guy,Benjamin,gbenjamin1z@psu.edu,1955-05-16,"United States",2022-07-14
gbenneyii,Gianna,Benney,gbenneyii@umich.edu,1966-05-02,"United States",2020-09-11
gbernlidl,Guglielma,Bernli,gbernlidl@hao123.com,1991-11-20,"United States",2022-08-23
gblaken,Gael,Blake,gblaken@slate.com,1997-03-10,"United Kingdom",2022-08-18
gbodker,Georgie,Bodke,gbodker@i2i.jp,1976-09-17,"United Kingdom",2021-07-23
gbrace,Gianna,Bra,gbrace@constantcontact.com,1976-10-20,"United States",2021-11-08
gbradly9g,Glenine,Bradly,gbradly9g@imdb.com,1990-04-23,"United Kingdom",2020-02-15
gcoyjv,Garald,Coy,gcoyjv@businesswire.com,1978-02-08,"United Kingdom",2021-04-12
gcreaghhu,Gavra,Creagh,gcreaghhu@noaa.gov,1985-09-11,"United Kingdom",2021-01-21
gcullin2n,Gwyneth,Cullin,gcullin2n@msn.com,1982-05-29,"United Kingdom",2021-07-17
gdougaryc1,Granger,Dougary,gdougaryc1@posterous.com,1996-03-22,"United Kingdom",2021-03-07
gfaithfullh3,Georges,Faithfull,gfaithfullh3@newsvine.com,1983-11-06,"United Kingdom",2020-04-12
gfitzackerleyaz,Giffard,Fitzackerley,gfitzackerleyaz@taobao.com,1957-06-16,"United Kingdom",2020-07-01
gfollettm,Gil,Follet,gfollettm@tripod.com,1993-03-10,Canada,2020-12-17
gharrington,Guthrie,Harring,gharrington@economist.com,1993-12-14,Canada,2020-05-18
ghazek2,Gweneth,Haze,ghazek2@sbwire.com,1987-10-23,"United Kingdom",2022-06-08
gjopp,Garnette,Jop,gjopp@hibu.com,1993-07-25,Canada,2021-09-29
gkeirgi,Guglielmo,Keir,gkeirgi@virginia.edu,1972-07-11,Canada,2020-07-19
gklewerl,Genevra,Klewer,gklewerl@jugem.jp,1993-08-26,Canada,2020-12-20
glacroce1a,Gwendolin,"La Croce",glacroce1a@blogtalkradio.com,1986-05-12,"United States",2020-11-05
glammert3s,Gillan,Lammert,glammert3s@si.edu,1999-04-13,"United Kingdom",2022-03-07
glangwadecs,Grace,Langwade,glangwadecs@patch.com,1971-12-13,Canada,2022-02-24
glaver,Gustavus,Lav,glaver@netvibes.com,1982-11-25,"United Kingdom",2021-01-09
glesly4q,Genevieve,Lesly,glesly4q@pinterest.com,1951-11-23,Canada,2022-01-15
glindsayi,Grady,Lindsay,glindsayi@printfriendly.com,1978-10-28,"United States",2022-03-30
gmacgruer5c,Goddard,MacGruer,gmacgruer5c@exblog.jp,2003-04-09,Canada,2020-11-24
gmccleish,Gianina,McCle,gmccleish@homestead.com,1971-10-01,"United States",2021-12-24
gmcguirki2,Gregorio,McGuirk,gmcguirki2@wsj.com,1972-09-23,"United States",2021-11-18
gmetheringhambb,Gino,Metheringham,gmetheringhambb@mapquest.com,1985-04-15,Canada,2022-04-17
gmixhel8c,Geno,Mixhel,gmixhel8c@tumblr.com,1973-01-22,"United Kingdom",2022-05-22
gmonroe,Gunter,Monro,gmonroe@netvibes.com,1957-04-22,"United States",2021-09-01
gnehl5p,Gorden,Nehl,gnehl5p@harvard.edu,1958-12-28,"United States",2020-06-12
gnemchin,Grantham,Nemchi,gnemchin@is.gd,1986-01-20,"United States",2021-06-03
gnilgesby,Gabe,Nilges,gnilgesby@goodreads.com,1959-03-11,"United Kingdom",2021-05-27
goppyfa,Gabbie,Oppy,goppyfa@tumblr.com,1957-01-27,Canada,2021-09-11
gpankettman3e,Gib,Pankettman,gpankettman3e@epa.gov,1963-09-04,"United Kingdom",2022-04-17
gperigod4,Gertruda,Perigo,gperigod4@topsy.com,1957-03-16,Canada,2022-06-29
gperringtoncd,Gayler,Perrington,gperringtoncd@mozilla.com,1994-03-15,"United Kingdom",2020-10-20
gpressland,Gilemette,Pressla,gpressland@goo.ne.jp,1971-01-28,"United Kingdom",2021-08-17
grawsthorn79,Giraldo,Rawsthorn,grawsthorn79@youku.com,2003-10-05,Canada,2020-09-17
gredington8n,Germain,Redington,gredington8n@cnn.com,1956-06-28,Canada,2022-06-25
griddickax,Gwenny,Riddick,griddickax@psu.edu,1957-07-18,Canada,2021-06-21
grous,Gerhardine,Rou,grous@washington.edu,1974-04-19,"United States",2021-11-19
gsausmangl,Giffie,Sausman,gsausmangl@nba.com,1961-11-23,"United Kingdom",2021-10-11
gshemiltbe,Gerard,Shemilt,gshemiltbe@rakuten.co.jp,1982-03-22,"United States",2022-12-17
gspightce,Gussie,Spight,gspightce@cnet.com,1964-02-29,Canada,2020-04-10
gstrick,Gaynor,Stri,gstrick@msu.edu,1996-06-08,"United States",2020-08-04
gtanman8h,Galen,Tanman,gtanman8h@amazon.com,1952-07-27,"United States",2020-08-22
gtwattcu,Gustie,Twatt,gtwattcu@weibo.com,1996-12-29,Canada,2022-05-11
gvowelscy,Gabriellia,Vowels,gvowelscy@creativecommons.org,2000-08-15,"United States",2020-02-24
gwelcomesq,Genvieve,Welcomes,gwelcomesq@netvibes.com,1988-07-04,"United Kingdom",2021-11-26
gwerrahk,Gregoire,Werrah,gwerrahk@admin.ch,1966-07-20,"United States",2021-10-21
gwhipple5o,Gayle,Whipple,gwhipple5o@oakley.com,1990-11-08,"United States",2021-12-16
hbadwickb,Harmony,Badwick,hbadwickb@unblog.fr,1953-10-25,"United Kingdom",2022-02-26
hbaldinotti4e,Hildegaard,Baldinotti,hbaldinotti4e@answers.com,1964-11-26,"United Kingdom",2021-11-29
hbechleyf9,Hal,Bechley,hbechleyf9@drupal.org,1966-01-11,Canada,2022-09-27
hboardman8y,Heall,Boardman,hboardman8y@trellian.com,1978-11-16,Canada,2021-09-21
hdomelaw8u,Hervey,Domelaw,hdomelaw8u@t.co,1961-08-05,"United Kingdom",2020-03-31
hesgate2j,Hershel,Esgate,hesgate2j@senate.gov,1997-04-15,Canada,2021-11-19
hessebyg9,Hadrian,Esseby,hessebyg9@creativecommons.org,1988-04-14,"United Kingdom",2022-03-01
hfensome3y,Hildegarde,Fensome,hfensome3y@odnoklassniki.ru,1990-03-27,"United Kingdom",2020-09-15
hgrinhamib,Hilliard,Grinham,hgrinhamib@domainmarket.com,1992-07-02,Canada,2020-01-14
hhearleg1,Hadrian,Hearle,hhearleg1@wsj.com,1980-10-19,"United States",2020-11-01
hjergh5,Hermione,Jerg,hjergh5@howstuffworks.com,1967-02-16,"United Kingdom",2021-02-07
hkemwalge,Harvey,Kemwal,hkemwalge@princeton.edu,1975-07-14,Canada,2020-09-13
hlabdengf,Heddie,Labden,hlabdengf@bigcartel.com,1980-11-04,Canada,2021-12-17
hlazenbyev,Hortensia,Lazenby,hlazenbyev@wikia.com,1969-02-01,"United Kingdom",2021-08-05
hlessmare,Hale,Lessm,hlessmare@java.com,1982-09-30,"United Kingdom",2022-07-06
hlude9x,Holly,Lude,hlude9x@blogger.com,1962-09-18,Canada,2020-07-27
hmcconaghy,Herve,McConagh,hmcconaghy@linkedin.com,1955-11-26,"United States",2022-08-06
hmursellgm,Hugo,Mursell,hmursellgm@admin.ch,1962-02-23,Canada,2020-09-30
hnewcome,Howey,Newc,hnewcome@hexun.com,1981-07-15,"United States",2021-06-01
hnormavilleh2,Hildagarde,Normaville,hnormavilleh2@oracle.com,1996-10-11,"United States",2021-04-03
hodgaardd,Hamnet,Odgaard,hodgaardd@symantec.com,1973-03-14,"United States",2021-01-03
hpien54,Hollie,Pien,hpien54@ca.gov,1994-07-30,"United States",2020-04-26
hshillabr,Hersh,Shilla,hshillabr@statcounter.com,1964-07-10,"United States",2021-11-28
htanswill,Homer,Tans,htanswill@ox.ac.uk,1966-08-29,"United States",2021-12-14
hvandecasteledg,Helge,"Van de Castele",hvandecasteledg@macromedia.com,1989-03-31,Canada,2020-11-03
hvinickyk9,Hercules,Vinicky,hvinickyk9@harvard.edu,1973-09-11,Canada,2020-10-08
hwinsome3l,Henrieta,Winsome,hwinsome3l@bbc.co.uk,1951-05-23,"United Kingdom",2022-04-08
icorain,Ilise,Corai,icorain@noaa.gov,1993-10-09,"United States",2022-08-25
icrun,Ibbie,Cru,icrun@networksolutions.com,1962-01-27,Canada,2020-05-15
ilomb,Izaak,Lomb,ilomb@woothemes.com,1977-12-27,Canada,2022-03-13
imurney7a,Izabel,Murney,imurney7a@edublogs.org,1986-08-03,"United States",2020-09-15
isendall5k,Illa,Sendall,isendall5k@cargocollective.com,1988-10-05,"United Kingdom",2020-12-09
ishaylorju,Isadore,Shaylor,ishaylorju@webs.com,1954-04-17,"United States",2022-04-21
iwallbanks2r,Idell,Wallbanks,iwallbanks2r@house.gov,1978-07-09,Canada,2021-10-03
jaldertonji4,Johnna,Alderton,jaldertonji4@noaa.gov,1953-08-10,Canada,2020-01-12
jandriol,Justina,Andri,jandriol@shop-pro.jp,1980-01-23,"United Kingdom",2020-06-11
jashbridge2x,Jammie,Ashbridge,jashbridge2x@un.org,1983-05-28,"United Kingdom",2022-11-28
jaxupab,Julianne,Axup,jaxupab@ucla.edu,1969-04-11,"United Kingdom",2022-05-22
jbanger49,Jannelle,Banger,jbanger49@naver.com,1956-10-02,Canada,2021-10-09
jbaskervillec6,Jonell,Baskerville,jbaskervillec6@elpais.com,1996-10-07,"United States",2022-08-12
jberkelay67,Jamal,Berkelay,jberkelay67@illinois.edu,1992-02-12,Canada,2022-06-27
jbermon,Janeva,Bermon,jbermon@java.com,1992-07-12,"United Kingdom",2020-10-10
jblaxter,Jeramey,Blax,jblaxter@unicef.org,1991-09-20,"United States",2020-01-20
jboulstridge,Jeremie,Boulstrid,jboulstridge@amazon.de,1985-05-18,"United States",2021-05-15
jbrachellgb,Joya,Brachell,jbrachellgb@1und1.de,1978-02-10,"United States",2020-11-19
jbulteelcq,Joela,Bulteel,jbulteelcq@un.org,1967-07-26,"United Kingdom",2020-12-20
jcambden,Jorie,Cambd,jcambden@goo.ne.jp,1965-09-04,"United Kingdom",2021-11-20
jcamsey3b,Joanie,Camsey,jcamsey3b@latimes.com,1988-04-04,"United States",2021-10-10
jcathcart,Jobey,Cathca,jcathcart@examiner.com,1992-10-19,Canada,2020-05-27
jcharval,Janifer,Charval,jcharval@abc.net.au,1954-07-28,"United Kingdom",2022-08-01
jchestermanbc,Johnna,Chesterman,jchestermanbc@pcworld.com,1981-05-24,"United States",2021-03-29
jclowesn,Janetta,Clowes,jclowesn@networkadvertising.org,1998-08-01,"United Kingdom",2021-06-28
jcomb,Jodee,Comb,jcomb@addthis.com,1981-08-24,Canada,2022-09-14
jcrabbede,Jenn,Crabbe,jcrabbede@yale.edu,1982-04-27,"United Kingdom",2022-05-26
jcrehanct,Jeniece,Crehan,jcrehanct@salon.com,2002-03-30,"United States",2020-08-12
jculshaw6o,Jerrylee,Culshaw,jculshaw6o@sphinn.com,1985-01-20,Canada,2020-06-04
jdallenderb5,Joanna,Dallender,jdallenderb5@canalblog.com,1975-06-11,Canada,2021-11-10
jdenicolo,Jasen,Denicolo,jdenicolo@themeforest.net,1959-06-14,"United States",2021-10-23
jderi,Jessa,Der,jderi@vistaprint.com,1998-01-25,"United States",2021-08-09
jdiioriofn,Jerrilee,"Di Iorio",jdiioriofn@ted.com,1982-07-29,Canada,2022-09-29
jdollardbx,Johnna,Dollard,jdollardbx@twitter.com,2000-07-15,"United States",2020-09-25
jdoutch,Joscelin,Doutch,jdoutch@homestead.com,1953-12-24,"United Kingdom",2022-09-09
jdowd,Jeri,Dow,jdowd@posterous.com,1971-05-17,"United States",2022-07-20
jdrowsfieldez,Jemima,Drowsfield,jdrowsfieldez@tinyurl.com,1964-03-05,"United Kingdom",2021-01-08
jeakins,Joachim,Eaki,jeakins@dot.gov,1952-12-05,Canada,2021-09-08
jferencowicz,Jenifer,Feren,jferencowicz@macromedia.com,1990-06-05,Canada,2022-05-02
jgair0,Janenna,Gair,jgair0@webs.com,1995-04-24,"United Kingdom",2021-07-13
jhallmarkf7,Jsandye,Hallmark,jhallmarkf7@umn.edu,1977-01-05,"United States",2022-09-13
jharrisme,Jameson,Harris,jharrisme@cargocollective.com,1971-02-19,"United Kingdom",2020-08-10
jhawton,Joete,Hawt,jhawton@globo.com,1984-07-17,Canada,2021-09-18
jhlavac52,Jeniece,Hlavac,jhlavac52@imageshack.us,2001-08-01,Canada,2021-05-13
jimortda,Jacenta,Imort,jimortda@reference.com,1950-11-18,"United Kingdom",2022-03-17
jisabellgw,Jodie,Isabell,jisabellgw@harvard.edu,1995-10-16,"United Kingdom",2020-04-02
jkunat,Joella,Kuna,jkunat@hibu.com,1966-08-16,Canada,2021-08-27
jlande4c,Jaimie,Lande,jlande4c@wordpress.com,1960-08-06,Canada,2022-09-30
jmargarson,Jarvis,Margar,jmargarson@cbslocal.com,1991-10-04,Canada,2021-10-23
jmcilwreath15,Jude,McIlwreath,jmcilwreath15@vistaprint.com,2003-01-18,"United Kingdom",2021-05-21
jmckever,Jedediah,McKever,jmckever@ft.com,1955-09-02,Canada,2022-06-10
jmoodycliffe78,Jaynell,Moodycliffe,jmoodycliffe78@soup.io,1956-08-06,"United Kingdom",2020-10-09
jnail,Jillene,Nail,jnail@sbwire.com,1968-06-17,"United States",2021-01-06
jpagdenfi,Julio,Pagden,jpagdenfi@tripadvisor.com,1955-11-20,Canada,2021-01-28
jperkin7p,Juditha,Perkin,jperkin7p@alibaba.com,2003-10-27,"United States",2021-09-08
jpipworthco,Jayne,Pipworth,jpipworthco@latimes.com,1955-02-07,"United Kingdom",2020-06-14
jplanque,Jarret,Planque,jplanque@flickr.com,1975-04-22,"United States",2022-04-12
jprodrickim,Judi,Prodrick,jprodrickim@redcross.org,1996-04-27,Canada,2020-02-08
jprudham2e,Jillian,Prudham,jprudham2e@nature.com,1961-07-10,"United States",2021-05-19
jreynolds8w,Jania,Reynolds,jreynolds8w@wix.com,1999-08-05,"United States",2022-03-07
jrobers3f,Jessalyn,Robers,jrobers3f@cmu.edu,1987-09-03,"United States",2022-10-11
jrosenfeld,Jennica,Rosenf,jrosenfeld@com.com,1959-12-21,Canada,2022-03-20
jsaiz3o,Jayson,Saiz,jsaiz3o@npr.org,1984-12-03,"United States",2021-12-26
jsammeshg,Jeramie,Sammes,jsammeshg@dailymotion.com,1960-03-18,"United States",2022-03-21
jshilham,Josee,Shilham,jshilham@ox.ac.uk,1981-06-24,Canada,2021-07-08
jsimionefu,Jayme,Simione,jsimionefu@smugmug.com,1973-08-07,"United Kingdom",2022-04-18
jsizer,Jarrad,Siz,jsizer@hugedomains.com,1980-04-14,Canada,2022-08-13
jtedrami5,Jacquie,Tedram,jtedrami5@netlog.com,1972-10-30,Canada,2020-02-22
jtinkham,Jamaal,Tinkha,jtinkham@canalblog.com,1993-08-27,"United States",2022-05-18
jtollmache,Jeramey,Tollmac,jtollmache@weather.com,1954-08-11,"United States",2021-07-06
jvear,Jorrie,Vear,jvear@cam.ac.uk,1953-12-09,"United States",2021-11-18
jvinsen,Jessalyn,Vins,jvinsen@alexa.com,1965-06-10,"United Kingdom",2021-05-25
jwhittuck,Josefina,Whittu,jwhittuck@vistaprint.com,1984-01-23,"United States",2022-02-06
jwitcher,Janaya,Witc,jwitcher@uol.com.br,1986-12-30,"United Kingdom",2021-02-17
kbarrabeale7k,Karin,Barrabeale,kbarrabeale7k@elegantthemes.com,1997-07-14,"United Kingdom",2021-10-17
kbebb,Klarika,Bebb,kbebb@wordpress.org,1995-03-05,Canada,2021-11-23
kbillinq,Keri,Billin,kbillinq@multiply.com,1986-01-14,"United Kingdom",2022-02-16
kbodhamjz,Katharina,Bodham,kbodhamjz@bloomberg.com,1981-01-02,Canada,2020-09-08
kboustead,Kendall,Bous,kboustead@mlb.com,1994-05-11,"United States",2021-06-25
kbrabazon,Kelila,Brab,kbrabazon@oracle.com,1970-08-09,"United Kingdom",2021-09-15
kbreinlein9e,Kaycee,Breinlein,kbreinlein9e@msn.com,1980-04-14,"United Kingdom",2021-05-16
kbudnik,Klara,Budn,kbudnik@printfriendly.com,1957-08-01,Canada,2022-07-01
kbultitude,Karissa,Bulti,kbultitude@mit.edu,1990-10-09,"United Kingdom",2020-07-24
kcastree5a,Kate,Castree,kcastree5a@typepad.com,1996-08-03,"United Kingdom",2020-07-17
kchapelhowb2,Ki,Chapelhow,kchapelhowb2@ovh.net,1991-12-30,"United States",2021-11-23
kchree,Ken,Chre,kchree@multiply.com,1973-02-16,"United Kingdom",2022-09-12
kcoyishe5,Kordula,Coyish,kcoyishe5@soundcloud.com,1952-04-25,"United Kingdom",2022-04-16
kcutbirthcb,Kania,Cutbirth,kcutbirthcb@hostgator.com,1977-10-28,Canada,2020-08-31
kdadd,Kaleb,Dadd,kdadd@ow.ly,1997-08-12,Canada,2021-02-08
keverist91,Ketti,Everist,keverist91@answers.com,1960-05-26,"United Kingdom",2022-04-23
kfeekesic,Karissa,Feekes,kfeekesic@psu.edu,1982-04-06,"United States",2021-02-13
kfiggen,Karlene,Figg,kfiggen@stanford.edu,1980-12-15,"United Kingdom",2022-05-29
kfiller3g,Katti,Filler,kfiller3g@state.tx.us,1974-09-13,"United Kingdom",2022-06-22
kfrancesconi66,Klaus,Francesconi,kfrancesconi66@goodreads.com,1954-08-20,Canada,2021-04-16
kgirk5,Kyrstin,Girk,kgirk5@dedecms.com,1981-02-23,"United States",2021-05-10
kgisbey,Korry,Gisb,kgisbey@amazon.com,1957-09-30,"United States",2021-04-27
kgitthousegd,Kenna,Gitthouse,kgitthousegd@microsoft.com,1957-05-04,Canada,2021-03-11
khambrook,Katuscha,Hamb,khambrook@umn.edu,1954-08-04,Canada,2020-04-28
khedden7m,Ki,Hedden,khedden7m@prnewswire.com,1990-12-19,"United Kingdom",2020-07-24
khugginsc0,Kaia,Huggins,khugginsc0@intel.com,1964-10-31,"United Kingdom",2020-01-03
khyattl,Keriann,Hyatt,khyattl@jugem.jp,1968-05-21,"United Kingdom",2022-06-07
kjerzemes,Kurtis,Jerz,kjerzemes@europa.eu,1981-08-27,"United States",2021-08-12
kjerzyk,Kinna,Jerzy,kjerzyk@mlb.com,1963-06-06,"United States",2021-09-13
kkeighly,Kevan,Keighly,kkeighly@huffingtonpost.com,1955-05-22,Canada,2022-11-23
kkinnell,Kimberley,Kinne,kkinnell@japanpost.jp,1964-02-17,Canada,2021-05-21
kkofoed,Karoly,Kofoe,kkofoed@indiatimes.com,1980-06-22,"United States",2021-04-28
klandryij,Korrie,Landry,klandryij@ebay.co.uk,1998-12-06,Canada,2021-12-16
klether,Kirsteni,Leth,klether@hostgator.com,1985-02-19,"United Kingdom",2022-08-12
klewisham9w,Kimmy,Lewisham,klewisham9w@soup.io,1951-01-14,"United States",2021-07-04
kmandrake,Kath,Mandrake,kmandrake@cnn.com,1980-11-05,"United States",2022-09-11
kmaryet,Krystyna,Maryet,kmaryet@redcross.org,1998-07-23,Canada,2021-06-14
kmathet2i,Korey,Mathet,kmathet2i@wikimedia.org,1998-01-01,"United Kingdom",2021-06-25
kmaudlingfv,Kelsy,Maudling,kmaudlingfv@gnu.org,1964-05-15,"United States",2021-02-03
kmccallykb,Kittie,McCally,kmccallykb@wordpress.com,1982-04-22,"United States",2022-07-14
kmcmonnies,Kath,McMonnies,kmcmonnies@jugem.jp,1968-04-22,"United Kingdom",2022-07-01
kmullerhv,Kathryne,Muller,kmullerhv@weather.com,1960-11-21,"United States",2021-09-06
kpechellr,Kelsey,Pechell,kpechellr@storify.com,1988-12-12,"United States",2021-08-20
kperell,Kellen,Perel,kperell@canalblog.com,1960-10-20,"United Kingdom",2020-09-16
kperott,Kareem,Perot,kperot@google.de,1992-01-02,"United Kingdom",2022-11-27
kpittoli5y,Kora,Pittoli,kpittoli5y@nhs.uk,1959-12-29,Canada,2022-04-01
kpudner,Krissie,Pudn,kpudner@noaa.gov,1984-10-08,"United Kingdom",2020-08-07
kreynish,Kiel,Reyni,kreynish@reference.com,1953-05-26,"United Kingdom",2020-11-13
ksawtry,Kat,Sawtry,ksawtry@wiley.com,1954-04-26,"United States",2021-10-19
kscandrettp,Karlie,Scandrett,kscandrettp@hibu.com,1996-06-25,"United Kingdom",2021-07-24
kserraillier9y,Keri,Serraillier,kserraillier9y@acquirethisname.com,1961-11-21,Canada,2021-08-02
kspourel,Kale,Spoure,kspourel@nymag.com,2003-04-15,"United States",2021-11-11
kstandleygz,Kim,Standley,kstandleygz@un.org,1984-07-30,"United States",2020-06-09
kstrete6a,Karol,Strete,kstrete6a@ucoz.com,1960-01-02,Canada,2020-08-07
ktippetsy,Kassi,Tippetts,ktippetsy@webeden.co.uk,1984-08-18,"United Kingdom",2020-12-07
ktreagus6m,Kenneth,Treagus,ktreagus6m@adobe.com,1998-09-10,Canada,2020-07-18
ktumer,Kimmie,Tum,ktumer@buzzfeed.com,1968-12-19,Canada,2020-10-20
kvernall92,Kelly,Vernall,kvernall92@nbcnews.com,1980-01-07,"United Kingdom",2021-02-20
kwarwick1f,Kassandra,Warwick,kwarwick1f@blogger.com,1986-04-18,Canada,2022-10-18
kwelbourn,Konrad,Welbourn,kwelbourn@nba.com,1983-12-12,"United Kingdom",2022-06-03
lavramov5l,Lynn,Avramov,lavramov5l@usa.gov,2003-02-04,"United Kingdom",2020-04-19
lbettanayo,Les,Bettanay,lbettanayo@ucsd.edu,1959-05-18,Canada,2022-12-04
lboden,Lenette,Bode,lboden@booking.com,1980-01-02,"United Kingdom",2022-11-25
lbonyfg,Leisha,Bony,lbonyfg@nymag.com,1951-09-10,"United Kingdom",2022-04-01
lbratten,Layney,Bratte,lbratten@mapy.cz,1995-01-16,"United States",2021-09-25
lburril77,Lilla,Burril,lburril77@wisc.edu,1967-09-19,"United Kingdom",2020-06-23
lcarell,Lennard,Carell,lcarell@go.com,1988-12-06,Canada,2020-07-05
lcastillon4z,Leopold,Castillon,lcastillon4z@army.mil,1994-10-26,"United States",2021-10-25
lcharityhe,Lorna,Charity,lcharityhe@fotki.com,1986-03-26,"United States",2020-02-14
lcharkham88,Lorianna,Charkham,lcharkham88@google.com.br,1950-12-14,"United States",2022-12-19
ldabberh,Libby,Dabber,ldabberh@zimbio.com,1966-01-13,"United Kingdom",2020-01-17
ldallanr,Lindsey,Dallan,ldallanr@youtube.com,1967-05-16,"United Kingdom",2022-11-04
ldomenicone,Lois,Domen,ldomenicone@hugedomains.com,1971-08-21,"United Kingdom",2022-07-25
ldreschelr,Lucius,Dreschel,ldreschelr@adobe.com,1986-07-22,Canada,2021-12-23
lewenkb,Laurie,Ewen,lewenkb@foxnews.com,1986-09-11,"United States",2020-04-13
lfairnal,Lenora,Fairn,lfairnal@phpbb.com,1966-05-26,"United Kingdom",2021-01-08
lfaseyfq,Lyon,Fasey,lfaseyfq@bbc.co.uk,1987-09-02,"United States",2022-08-27
lflucker,Laurence,Flucker,lflucker@reverbnation.com,1971-06-17,Canada,2021-09-09
lglew7l,Lilah,Glew,lglew7l@mit.edu,1954-03-19,Canada,2022-10-21
lgowler,Leilah,Gowl,lgowler@blogger.com,1973-12-05,Canada,2021-02-04
lgrishankovaa,Lotte,Grishankov,lgrishankovaa@zimbio.com,1989-02-04,"United States",2022-02-27
lharbisher,Laurent,Harb,lharbisher@go.com,1954-07-29,"United States",2022-03-01
lharrop2u,Libbie,Harrop,lharrop2u@smh.com.au,1983-09-01,"United Kingdom",2022-01-25
lhaves,Lainey,Have,lhaves@senate.gov,1988-06-29,"United Kingdom",2022-05-09
lhazeldean,Lezley,Hazelde,lhazeldean@php.net,1988-10-10,"United States",2022-10-04
lhuisonep,Lewes,Huison,lhuisonep@indiegogo.com,1966-09-26,Canada,2020-12-17
ljewet,Lind,Jewe,ljewet@paypal.com,1953-05-08,"United Kingdom",2022-04-30
lkunischga,Leese,Kunisch,lkunischga@wikimedia.org,1986-06-30,"United States",2022-08-09
llapenna7s,Lauren,Lapenna,llapenna7s@usatoday.com,2003-08-18,Canada,2022-09-16
lmalby34,Lorettalorna,Malby,lmalby34@google.com,1992-01-12,Canada,2021-05-10
lmasdin,Laural,Masdin,lmasdin@jugem.jp,1970-11-06,Canada,2020-08-06
lmegahey2q,Laverne,Megahey,lmegahey2q@free.fr,1975-03-29,"United States",2020-11-19
lohickeegq,Lucius,O'Hickee,lohickeegq@sciencedirect.com,2001-07-19,"United Kingdom",2021-03-24
lparkeshaw,Liesa,Parkes,lparkeshaw@disqus.com,1972-11-14,"United States",2021-09-16
lringa1,Loraine,Ring,lringa1@ucsd.edu,1954-11-16,"United Kingdom",2022-01-24
lrowledge8r,Lydia,Rowledge,lrowledge8r@unicef.org,1965-09-19,"United Kingdom",2020-02-25
lschild,Laney,Schil,lschild@rakuten.co.jp,1972-10-14,"United Kingdom",2020-08-30
lsemeradova51,Lissa,Semeradova,lsemeradova51@geocities.jp,2002-10-29,"United States",2020-02-09
lsilverston,Leonore,Silvers,lsilverston@arizona.edu,1984-10-30,"United Kingdom",2020-04-11
ltale,Lemmy,Tal,ltale@chronoengine.com,1953-07-01,Canada,2021-07-29
ltarrier60,Lindsay,Tarrier,ltarrier60@uol.com.br,1991-04-09,Canada,2022-05-18
ltown8t,Lishe,Town,ltown8t@smh.com.au,1971-06-27,Canada,2020-02-08
lzellmerq,Laurice,Zellmer,lzellmerq@hhs.gov,1968-09-28,"United States",2021-09-30
lziemebg,Lorene,Zieme,lziemebg@yahoo.co.jp,1968-10-02,Canada,2020-02-18
malexsandreveg,Meggi,Alexsandrev,malexsandreveg@bing.com,1992-03-01,Canada,2020-10-14
mambrosio65,Moore,Ambrosio,mambrosio65@jimdo.com,1965-01-16,"United Kingdom",2022-05-13
mauguste,Melisenda,Auguste,mauguste@github.com,1974-12-24,"United Kingdom",2022-09-30
mbernardinc4,Marja,Bernardin,mbernardinc4@biglobe.ne.jp,1961-10-16,"United Kingdom",2022-11-13
mbickmoree8,Mirella,Bickmore,mbickmoree8@exblog.jp,1968-03-20,"United States",2021-07-01
mblaketon,Marguerite,Blaketon,mblaketon@storify.com,1968-09-25,Canada,2020-04-09
mboonr,Merle,Boon,mboonr@hao123.com,1980-07-01,"United States",2021-04-14
mbotly5j,Marian,Botly,mbotly5j@scientificamerican.com,1995-05-31,Canada,2021-10-23
mbrilleman,Myrtle,Brill,mbrilleman@psu.edu,1987-05-23,"United Kingdom",2020-12-27
mcaddy,Melosa,Cadd,mcaddy@time.com,1970-07-10,"United Kingdom",2022-05-07
mcaldesg8,Marion,Caldes,mcaldesg8@purevolume.com,1957-06-29,Canada,2021-04-18
mcallek,Maddy,Calle,mcallek@hibu.com,1980-07-25,Canada,2020-02-09
mcarneyy,Mab,Carne,mcarneyy@usda.gov,1964-09-04,Canada,2021-10-10
mcicccitti9j,Marillin,Cicccitti,mcicccitti9j@netlog.com,1961-06-08,"United Kingdom",2020-03-08
mclaessens,Moira,Claessen,mclaessens@tiny.cc,1971-05-21,Canada,2020-09-26
mclerkkin,Madelaine,Clerk,mclerkkin@freewebs.com,1985-01-18,"United States",2020-06-19
mcolliardek,Marabel,Colliard,mcolliardek@census.gov,1969-06-22,Canada,2020-11-20
mcorbitt,Maurita,Corb,mcorbitt@wikispaces.com,1967-07-30,"United Kingdom",2022-01-22
mcorke,Marlane,Corke,mcorke@cloudflare.com,1974-08-25,"United Kingdom",2022-09-28
mcostan73,Meaghan,Costan,mcostan73@behance.net,1974-01-13,"United Kingdom",2022-05-30
mcranmer32,Merilyn,Cranmer,mcranmer32@economist.com,1953-02-26,Canada,2021-11-12
mcrawford,Meredithe,Crawf,mcrawford@flickr.com,1971-12-22,Canada,2021-09-17
mdomleo,Meir,Domleo,mdomleo@newyorker.com,1994-12-01,Canada,2022-01-23
mdoolan,Mellie,Dool,mdoolan@elpais.com,1981-09-25,"United States",2022-05-01
mdrinkhall9t,Matilde,Drinkhall,mdrinkhall9t@reverbnation.com,1956-05-09,"United Kingdom",2021-12-07
medicumbw,Mattie,Edicum,medicumbw@istockphoto.com,1983-09-12,"United Kingdom",2021-08-19
melvin3w,Marena,Elvin,melvin3w@usa.gov,1991-03-17,"United Kingdom",2020-07-18
mfagg42,Mag,Fagg,mfagg42@marketwatch.com,1989-11-09,Canada,2022-05-11
mferryo,Marv,Ferr,mferryo@elpais.com,1953-04-10,"United States",2021-05-16
mfoffano76,Marcus,Foffano,mfoffano76@nyu.edu,1974-06-17,"United Kingdom",2020-08-28
mgaylordhd,Mariele,Gaylord,mgaylordhd@hostgator.com,1990-05-14,"United States",2022-03-06
mgiacoboni80,Matias,Giacoboni,mgiacoboni80@about.com,1959-09-19,"United Kingdom",2022-07-11
mgilhamihl,Merline,Gilham,mgilhamihl@usda.gov,1954-12-26,Canada,2021-11-11
mgillow2z,Moritz,Gillow,mgillow2z@xrea.com,1964-12-03,Canada,2022-10-24
mgodspeeded7,Melitta,Godspeede,mgodspeeded7@last.fm,1977-09-03,"United States",2022-02-07
mgorettid5,Margeaux,Goretti,mgorettid5@bandcamp.com,1959-09-05,"United Kingdom",2020-03-17
mgueinn,Maynard,Guei,mgueinn@dot.gov,1990-06-12,"United Kingdom",2021-07-07
mhaine,Mace,Haine,mhaine@posterous.com,1977-01-15,Canada,2020-08-02
mhannen,Mead,Hann,mhannen@sohu.com,1976-11-21,Canada,2022-02-04
mhaquin7z,Maurene,Haquin,mhaquin7z@altervista.org,2003-01-02,Canada,2022-08-28
mhartgy,Matthew,Hart,mhartgy@diigo.com,1963-03-15,"United Kingdom",2020-01-03
mhasketth9,Marylinda,Haskett,mhasketth9@parallels.com,2001-08-15,"United States",2021-12-31
mhoweljjq,Marcia,Howel,mhoweljjq@elpais.com,1995-01-29,"United States",2021-12-17
mhowkinsa0,Meredith,Howkins,mhowkinsa0@nba.com,1976-01-14,Canada,2020-01-06
mhuckfield,Matteo,Huckfield,mhuckfield@mapy.cz,1997-01-22,"United States",2022-09-26
miacavone41,Maudie,Iacavone,miacavone41@stumbleupon.com,1969-01-15,"United States",2021-02-07
mianilli2y,Michelina,Ianilli,mianilli2y@simplemachines.org,1986-03-24,Canada,2021-02-20
mkenwyng6,Margaretta,Kenwyn,mkenwyng6@naver.com,1985-07-30,Canada,2020-05-21
mklassman31,Marita,Klassman,mklassman31@sciencedirect.com,1953-04-10,Canada,2021-08-05
mklimus9i,Mata,Klimus,mklimus9i@google.nl,1970-03-14,Canada,2020-08-01
mlamarli0,Mordecai,Lamar,mlamarli0@kickstarter.com,1956-04-26,"United Kingdom",2021-07-10
mlangcaster2a,Muriel,Langcaster,mlangcaster2a@digg.com,1958-11-10,Canada,2020-02-03
mlovekincc,Melinda,Lovekin,mlovekincc@admin.ch,1993-11-16,"United Kingdom",2020-12-15
mlumsdainej,Mame,Lumsdaine,mlumsdainej@netscape.com,2001-09-22,Canada,2022-05-03
mmanclark9l,Matthiew,Manclark,mmanclark9l@lulu.com,1955-06-29,Canada,2020-09-29
mmander3n,Megen,Mander,mmander3n@columbia.edu,2002-12-15,"United Kingdom",2021-11-09
mmattioloii,Marybelle,Mattiolo,mmattioloii@wikispaces.com,1996-01-08,"United Kingdom",2022-09-04
mmccleverty,Meredithe,McClevert,mmccleverty@ezinearticles.com,1981-10-18,"United States",2021-10-05
mmcquodefx,Mellicent,McQuode,mmcquodefx@discovery.com,1971-12-12,Canada,2020-06-07
mmelbury2w,Maribeth,Melbury,mmelbury2w@list-manage.com,1981-01-13,Canada,2021-08-10
mmullerao,Mandie,Muller,mmullerao@cbc.ca,1956-04-15,"United States",2020-01-18
mnanetti9v,Moshe,Nanetti,mnanetti9v@eventbrite.com,1962-03-25,"United States",2021-01-07
mness,Myriam,Nes,mness@constantcontact.com,1994-12-11,"United Kingdom",2021-11-25
mnovichenko6y,Marj,Novichenko,mnovichenko6y@prweb.com,2002-11-02,"United States",2022-12-12
morkett,Mickey,Ork,morkett@jugem.jp,1973-02-19,Canada,2020-01-29
mpaologc,Marney,Paolo,mpaologc@skyrock.com,1952-05-02,"United States",2021-05-15
mpatefieldig,Magnum,Patefield,mpatefieldig@nsw.gov.au,1988-01-22,"United Kingdom",2022-04-26
mplumr,Moina,Plum,mplumr@about.com,1994-07-04,"United States",2021-04-28
mpomphreybk,Malorie,Pomphrey,mpomphreybk@dropbox.com,1998-02-23,Canada,2022-03-17
mpratley7o,Mahalia,Pratley,mpratley7o@mysql.com,1979-11-09,Canada,2022-09-03
mprendergast24,Magdalena,Prendergast,mprendergast24@unesco.org,1993-01-25,Canada,2021-07-25
mprospert,Maurene,Prosper,mprospert@multiply.com,1974-08-01,"United Kingdom",2021-11-25
mputterg,Max,Putterg,mputterg@cornell.edu,1994-05-12,Canada,2021-09-20
mpyburnf8,Margery,Pyburn,mpyburnf8@bluehost.com,1987-07-10,"United Kingdom",2020-07-04
mranklin,Mag,Ranklin,mranklin@sohu.com,1954-12-01,"United Kingdom",2021-08-21
mrickell,Meredith,Rickel,mrickell@loc.gov,1988-01-02,"United States",2022-04-11
mriveraw,May,Rivera,mriveraw@woothemes.com,1985-10-18,"United States",2020-01-28
mrufflim,Magda,Ruffli,mrufflim@51.la,1964-10-13,"United States",2021-11-09
mrunnallsam,Marylee,Runnalls,mrunnallsam@reference.com,1985-03-06,"United States",2021-03-24
mscrivinor2o,Maighdiln,Scrivinor,mscrivinor2o@imageshack.us,1978-05-27,"United States",2022-05-04
mselmanc5,Missie,Selman,mselmanc5@engadget.com,1957-08-11,Canada,2022-11-25
msharrier,Mariele,Sharrier,msharrier@berkeley.edu,1976-11-05,Canada,2021-01-22
msheward9o,Mile,Sheward,msheward9o@netvibes.com,1996-08-24,"United States",2022-04-07
mshuttle4v,Mira,Shuttle,mshuttle4v@xing.com,2000-02-13,Canada,2021-07-03
msimchenko4f,Meggy,Simchenko,msimchenko4f@cnn.com,1991-11-22,"United States",2022-06-26
mstoadeay,Myrtia,Stoade,mstoadeay@ycombinator.com,1996-08-30,"United States",2021-07-19
mstoneleyej,Margette,Stoneley,mstoneleyej@biblegateway.com,1985-01-01,"United States",2022-04-15
mtannert,Mariejeanne,Tannert,mtannert@opensource.org,1993-01-01,"United States",2022-10-25
mthresherff,Marlie,Thresher,mthresherff@uol.com.br,1963-07-01,"United Kingdom",2021-04-24
mvittery83,Magdalene,Vittery,mvittery83@princeton.edu,1966-06-19,"United Kingdom",2022-08-20
mwaite6e,Marius,Waite,mwaite6e@home.pl,1991-09-14,"United Kingdom",2022-11-04
mwashbrookif,Myriam,Washbrook,mwashbrookif@stumbleupon.com,1981-09-28,"United States",2022-02-15
mwebley,Miller,Webley,mwebley@examiner.com,1998-04-23,"United States",2020-09-04
mwendel,Melisenda,Wend,mwendel@ameblo.jp,1975-12-28,"United States",2022-10-08
mwheelhouse47,Meggi,Wheelhouse,mwheelhouse47@ameblo.jp,2002-03-04,"United Kingdom",2022-03-29
nberger5f,Nanci,Berger,nberger5f@paypal.com,2003-04-10,"United Kingdom",2021-08-27
nbretton1n,Nata,Bretton,nbretton1n@amazon.co.uk,2002-06-09,"United Kingdom",2021-12-24
ncansdillfd,Nealy,Cansdill,ncansdillfd@rambler.ru,1988-03-03,"United States",2020-05-24
ncashmorey,Naomi,Cashmore,ncashmorey@java.com,1984-02-28,"United States",2020-09-22
ndecrusea2,Natassia,Decruse,ndecrusea2@surveymonkey.com,1966-11-20,Canada,2021-06-13
ndenzeybp,Nari,Denzey,ndenzeybp@youtube.com,1973-10-08,"United States",2020-06-13
ndumper4w,Norrie,Dumper,ndumper4w@bloglovin.com,1964-03-09,"United States",2021-05-05
ndyhouse5w,Nanine,Dyhouse,ndyhouse5w@tmall.com,1973-09-11,"United Kingdom",2022-09-03
nhersant,Niles,Hers,nhersant@netvibes.com,1970-01-13,Canada,2022-06-09
nindge,Natty,Indge,nindge@people.com.cn,1966-08-02,"United States",2020-06-13
nkarlicekfy,Norine,Karlicek,nkarlicekfy@sphinn.com,1998-01-19,"United States",2021-09-18
nlamblin,Niki,Lamblin,nlamblin@cam.ac.uk,1953-05-08,"United States",2021-08-27
nlangshaw1t,Nickie,Langshaw,nlangshaw1t@wikia.com,1959-08-12,"United States",2020-07-03
nmarmaduke,Nance,Marmaduke,nmarmaduke@arstechnica.com,1987-08-24,"United States",2021-12-27
nmaurice,Neille,Maurice,nmaurice@jalbum.net,1963-11-14,"United States",2020-02-19
nnaerup4j,Nathanil,Naerup,nnaerup4j@squarespace.com,1994-06-02,"United States",2021-03-10
nnoteyoung1h,Natale,Noteyoung,nnoteyoung1h@cafepress.com,1970-10-25,"United Kingdom",2020-07-31
nrheaden,Nannie,Rheaden,nrheaden@icio.us,1996-05-20,Canada,2020-07-26
nrobotham,Nickola,Robotham,nrobotham@youku.com,1955-02-11,"United States",2022-10-04
nselland,Niel,Selland,nselland@taobao.com,1974-10-17,Canada,2020-07-14
nsidden50,Norrie,Sidden,nsidden50@japanpost.jp,1984-01-09,"United Kingdom",2020-06-21
nwesternaq,Nichols,Western,nwesternaq@qq.com,1965-11-17,"United Kingdom",2020-03-15
nwitten6g,Noni,Witten,nwitten6g@technorati.com,1952-02-20,Canada,2020-07-14
oatlay4u,Othella,Atlay,oatlay4u@reddit.com,1991-05-02,"United States",2020-12-06
objorkan94,Onida,Bjorkan,objorkan94@fotki.com,1998-11-19,"United Kingdom",2022-02-07
obonome,Oralie,Bonome,obonome@wordpress.org,1988-10-28,"United Kingdom",2021-09-24
ocheyne,Ody,Cheyne,ocheyne@purevolume.com,1967-12-12,Canada,2021-12-18
ocouves,Orlan,Couves,ocouves@phoca.cz,1966-06-09,"United States",2021-05-28
oeggington,Orv,Eggington,oeggington@weather.com,1985-08-20,"United States",2021-05-30
ogietz1d,Otho,Gietz,ogietz1d@furl.net,1972-07-29,"United Kingdom",2021-09-22
oguillotonb8,Olympia,Guilloton,oguillotonb8@storify.com,1977-02-06,Canada,2022-04-04
omarquissdj,Ogden,Marquiss,omarquissdj@people.com.cn,1952-10-31,"United Kingdom",2022-06-28
omarshfieldp,Olly,Marshfield,omarshfieldp@sourceforge.net,1996-08-09,Canada,2020-04-24
omccraydx,Oberon,McCray,omccraydx@technorati.com,1960-12-25,"United States",2021-02-14
omoreland3k,Oliviero,Moreland,omoreland3k@paginegialle.it,1960-11-15,"United Kingdom",2020-03-22
oohallin,Orran,OHall,oohallin@posterous.com,1964-09-05,Canada,2021-01-25
orichardesf5,Omero,Richardes,orichardesf5@uiuc.edu,1960-03-25,"United Kingdom",2021-05-14
oroy,Osbourne,Roy,oroy@redcross.org,1984-10-30,"United Kingdom",2021-09-29
owrenn,Odele,Wren,owrenn@loc.gov,1972-04-02,"United States",2020-04-04
paleshehf,Petronille,Aleshe,paleshehf@gnu.org,1994-02-19,"United States",2022-04-02
pbernardin,Paul,Bern,pbernardin@fotki.com,1958-06-18,Canada,2020-02-25
pcadwallader1b,Phillida,Cadwallader,pcadwallader1b@over-blog.com,1998-09-04,Canada,2021-01-04
pchaterk8,Panchito,Chater,pchaterk8@a8.net,1996-01-05,"United Kingdom",2020-09-19
pgounard1m,Parker,Gounard,pgounard1m@illinois.edu,1993-07-23,"United Kingdom",2021-10-16
phaggath9u,Porter,Haggath,phaggath9u@accuweather.com,1950-04-05,"United Kingdom",2021-08-17
pkench6n,Peg,Kench,pkench6n@cargocollective.com,1984-07-23,"United States",2022-04-09
pkienlein,Port,Kienlein,pkienlein@washington.edu,1977-09-23,Canada,2022-08-19
pmarchiso56,Parsifal,Marchiso,pmarchiso56@census.gov,1995-12-14,Canada,2022-12-09
pmathevon8s,Pascale,Mathevon,pmathevon8s@blogtalkradio.com,1974-05-14,"United Kingdom",2022-11-28
pmattersn,Perle,Matter,pmattersn@examiner.com,1987-07-06,Canada,2021-08-20
pmatuskiewicz55,Purcell,Matuskiewicz,pmatuskiewicz55@google.com,1991-06-13,"United Kingdom",2021-11-01
pmckaln,Paulie,McKaln,pmckaln@usda.gov,1972-06-29,"United Kingdom",2022-09-02
pmogganhj,Pavel,Moggan,pmogganhj@shutterfly.com,1995-04-23,"United States",2021-02-24
pmuffittgv,Petronella,Muffitt,pmuffittgv@europa.eu,1962-03-02,"United States",2020-04-01
ppherpsb1,Phyllida,Pherps,ppherpsb1@goodreads.com,1956-04-23,Canada,2020-11-06
pquinnel,Paige,Quinnel,pquinnel@t.co,1982-05-25,"United States",2022-05-13
prackleyg7,Parnell,Rackley,prackleyg7@instagram.com,1978-09-09,"United States",2022-10-18
pramazeu,Pietrek,Ramaze,pramazeu@huffingtonpost.com,1990-05-25,"United States",2020-01-15
psandwith,Petronilla,Sandwith,psandwith@constantcontact.com,1992-10-25,"United States",2020-11-18
psimmsd2,Perry,Simms,psimmsd2@marriott.com,1956-12-30,"United States",2022-06-20
psivewrightx,Pammie,Sivewright,psivewrightx@taobao.com,1967-02-06,Canada,2022-06-27
psmith,Phyllida,Smith,psmith@miibeian.gov.cn,1972-11-23,"United States",2020-04-26
ptaffieat,Prue,Taffie,ptaffieat@lycos.com,1972-05-13,"United States",2022-06-12
pwarlow,Pandora,Warl,pwarlow@linkedin.com,1988-10-08,Canada,2021-06-06
pwilderspoon35,Patten,Wilderspoon,pwilderspoon35@linkedin.com,2003-11-30,"United Kingdom",2020-03-05
qaylwin1e,Quinta,Aylwin,qaylwin1e@reuters.com,1990-05-16,"United States",2021-11-17
qyorkdh,Quintus,York,qyorkdh@illinois.edu,1961-07-16,Canada,2022-08-26
rabdeyb6,Roobbie,Abdey,rabdeyb6@about.me,1970-11-25,Canada,2022-09-01
rbarforddz,Ree,Barford,rbarforddz@nationalgeographic.com,1976-07-11,"United States",2021-05-11
rbarlas,Ross,Barla,rbarlas@newyorker.com,1961-10-13,"United Kingdom",2022-06-28
rbeneze6d,Roland,Beneze,rbeneze6d@netvibes.com,1955-08-06,"United States",2022-03-16
rbonanno,Reamonn,Bona,rbonanno@smugmug.com,1996-06-19,Canada,2020-02-25
rbrimilgho,Rubi,Brimilg,rbrimilgho@ehow.com,1967-07-15,"United Kingdom",2021-11-15
rbrixham26,Reena,Brixham,rbrixham26@yellowbook.com,1984-09-30,"United States",2022-02-10
rbroddell,Rosemonde,Brodd,rbroddell@telegraph.co.uk,1967-12-01,"United States",2021-07-29
rbursnollf1,Rockie,Bursnoll,rbursnollf1@biglobe.ne.jp,1952-07-20,Canada,2020-05-21
rchevertonet,Rolph,Cheverton,rchevertonet@guardian.co.uk,1990-07-22,"United States",2022-08-22
rcopyn,Ross,Copyn,rcopyn@ow.ly,1960-04-26,Canada,2021-11-29
rcorre,Roxie,Corre,rcorre@1und1.de,1970-07-12,Canada,2021-10-06
rcorsee7,Redd,Corse,rcorsee7@nymag.com,1963-12-30,Canada,2020-01-11
rcowderoyf4,Robers,Cowderoy,rcowderoyf4@bandcamp.com,1981-10-23,"United Kingdom",2020-10-16
rcracker87,Rickey,Cracker,rcracker87@ameblo.jp,1988-11-03,"United Kingdom",2021-10-26
rdahlen7r,Raquel,Dahlen,rdahlen7r@google.ru,1985-02-08,"United Kingdom",2020-06-04
rdeport,Rolf,Depor,rdeport@senate.gov,1974-12-08,"United Kingdom",2022-02-08
rdouey,Randa,Dou,rdouey@about.me,1991-01-04,"United States",2022-10-10
rdulingdp,Rogerio,Duling,rdulingdp@tmall.com,1985-04-28,"United States",2020-12-10
rdumpleton8v,Ralph,Dumpleton,rdumpleton8v@yahoo.com,1961-07-21,"United States",2022-04-30
revershed,Rudd,Evershed,revershed@nhs.uk,1994-01-11,"United Kingdom",2021-07-30
rfairholme8l,Raquel,Fairholme,rfairholme8l@youtube.com,1958-05-03,Canada,2021-04-03
rfeltoeii,Rosetta,Feltoe,rfeltoeii@newyorker.com,1985-12-15,"United Kingdom",2022-06-02
rfreckletonc,Randolf,Freckleton,rfreckletonc@virginia.edu,1996-08-01,"United States",2020-03-15
rfurbercx,Roderigo,Furber,rfurbercx@bravesites.com,2000-10-06,Canada,2020-01-04
rghidelligo,Ronni,Ghidelli,rghidelligo@walmart.com,1960-10-01,"United Kingdom",2020-12-30
rglavesb,Rebekkah,Glaves,rglavesb@php.net,1972-09-27,"United States",2022-02-19
rgoathrop7q,Rita,Goathrop,rgoathrop7q@yellowbook.com,1997-12-15,"United States",2022-01-24
rgoodisonjx,Roda,Goodison,rgoodisonjx@prnewswire.com,1984-11-23,"United Kingdom",2022-04-23
rhelin7d,Rorie,Helin,rhelin7d@ameblo.jp,1972-05-04,"United States",2020-09-29
rhelliwell5q,Rosy,Helliwell,rhelliwell5q@chron.com,1984-02-01,"United Kingdom",2022-10-23
rhickenbottom9k,Raphaela,Hickenbottom,rhickenbottom9k@unesco.org,1977-08-22,"United Kingdom",2021-04-23
risaakh8,Raviv,Isaak,risaakh8@nsw.gov.au,1987-01-30,"United States",2020-09-16
rjahnelg4,Ruthe,Jahnel,rjahnelg4@themeforest.net,1970-03-16,Canada,2021-01-22
rjeffcoatt,Ryun,Jeffcoatt,rjeffcoatt@over-blog.com,1975-05-08,"United Kingdom",2020-10-02
rjeynes5g,Reidar,Jeynes,rjeynes5g@fastcompany.com,2000-11-30,Canada,2020-01-24
rkeetley,Rubin,Keetley,rkeetley@4shared.com,1973-09-09,"United Kingdom",2021-01-20
rkendrick,Rowland,Kendrick,rkendrick@newsvine.com,1964-11-27,"United Kingdom",2022-09-26
rkenneford14,Rooney,Kenneford,rkenneford14@oakley.com,1980-10-29,"United States",2020-03-15
rkimmince7f,Ricki,Kimmince,rkimmince7f@mozilla.org,1990-10-04,"United States",2020-09-04
rliggensbz,Rochella,Liggens,rliggensbz@hexun.com,1992-03-17,"United States",2020-10-30
rlyenkoenko6,Roxy,Lyenko,rlyenkoenko6@opera.com,1954-05-28,Canada,2022-10-14
rlystebn,Regan,Lyste,rlystebn@craigslist.org,1956-08-26,Canada,2020-03-01
rmattheeuw,Richardo,Matthee,rmattheeuw@theatlantic.com,1966-08-11,"United Kingdom",2020-02-10
rmensler,Renaldo,Mens,rmensler@un.org,1966-12-23,"United States",2020-01-02
rminogue1s,Reece,Minogue,rminogue1s@msu.edu,1993-03-13,"United Kingdom",2020-04-26
rmosconi5t,Raoul,Mosconi,rmosconi5t@infoseek.co.jp,2000-06-03,"United Kingdom",2022-11-30
rmosedale16,Rorie,Mosedale,rmosedale16@jalbum.net,1985-05-13,Canada,2022-07-17
rmouldscm,Rolph,Moulds,rmouldscm@seesaa.net,2002-10-11,"United Kingdom",2021-07-19
rmurok,Rene,Muro,rmurok@sbwire.com,2001-09-30,"United Kingdom",2021-07-22
rniessenak,Rowen,Niessen,rniessenak@prweb.com,1956-07-09,"United Kingdom",2020-07-19
ronraetg0,Renard,Onraet,ronraetg0@flickr.com,1963-11-03,"United States",2021-05-22
rpedwellw,Rolland,Pedwell,rpedwellw@usda.gov,1960-07-04,Canada,2022-12-11
rperesihk,Robinetta,Peres,rperesihk@dailymotion.com,1957-06-09,"United States",2022-04-23
rpinckeddr,Rosie,Pincked,rpinckeddr@economist.com,1976-03-27,"United Kingdom",2021-10-21
rquarringt,Rowan,Quarring,rquarringt@ibm.com,1982-01-22,Canada,2021-08-29
rrenehan7n,Rafferty,Renehan,rrenehan7n@slashdot.org,1967-05-12,"United States",2022-02-27
rreuterdq,Rikki,Reuter,rreuterdq@weebly.com,1968-06-22,"United States",2021-03-24
rroulstondy,Ricky,Roulston,rroulstondy@woothemes.com,1979-03-23,"United States",2020-11-24
rsabbins,Renato,Sabbin,rsabbins@msu.edu,1962-06-26,"United Kingdom",2021-10-20
rsandcraftthx,Ruthe,Sandcraft,rsandcraftthx@ftc.gov,1987-08-28,"United Kingdom",2020-12-20
rshearme,Rebekah,Shear,rshearme@thetimes.co.uk,1970-12-09,Canada,2021-01-18
rsooley3j,Ritchie,Sooley,rsooley3j@wunderground.com,1989-05-28,"United Kingdom",2021-05-26
rsplevingfz,Renae,Spleving,rsplevingfz@prnewswire.com,2000-08-19,"United Kingdom",2021-12-12
rstelljesb0,Ronnie,Stelljes,rstelljesb0@live.com,1990-09-03,Canada,2021-09-05
rtimberlake3z,Rollo,Timberlake,rtimberlake3z@senate.gov,1973-06-17,"United Kingdom",2022-07-29
rtreweela5s,Robby,Treweela,rtreweela5s@earthlink.net,1964-11-06,"United Kingdom",2022-10-19
rwinnistera7,Robinson,Winnister,rwinnistera7@wordpress.org,1981-02-04,"United Kingdom",2020-03-11
ryanyshev48,Renelle,Yanyshev,ryanyshev48@google.co.uk,1960-08-09,Canada,2022-01-09
rziehms3p,Roman,Ziehms,rziehms3p@parallels.com,1984-11-30,Canada,2022-03-11
salmond,Sim,Almond,salmond@digg.com,1953-09-06,Canada,2020-11-25
sattleedk,Sibilla,Attlee,sattleedk@census.gov,1978-01-10,Canada,2020-07-07
sbagley7y,Stacy,Bagley,sbagley7y@nyu.edu,1991-05-16,Canada,2021-07-27
sbartoleynau,Sven,Bartoleyn,sbartoleynau@engadget.com,1956-09-13,"United States",2021-06-08
sblaisdalebf,Shena,Blaisdale,sblaisdalebf@cafepress.com,1970-03-25,Canada,2020-03-07
sblythin6t,Susana,Blythin,sblythin6t@illinois.edu,2002-01-03,"United Kingdom",2022-09-20
sbreeze,Stacey,Breez,sbreeze@amazon.co.jp,1996-08-05,"United States",2022-06-12
sbroadwayc3,Stearn,Broadway,sbroadwayc3@vkontakte.ru,1980-01-02,"United States",2022-06-03
scanland5r,Stephan,Canland,scanland5r@mapy.cz,1983-05-19,Canada,2020-06-22
scattlowbq,Sunshine,Cattlow,scattlowbq@china.com.cn,1981-01-30,"United Kingdom",2020-04-17
scaudwell,Sapphira,Caudw,scaudwell@guardian.co.uk,1973-12-17,"United Kingdom",2020-08-28
scrady6f,Sawyere,Crady,scrady6f@mysql.com,1963-11-03,Canada,2021-11-27
sdellerfe,Shae,Deller,sdellerfe@hc360.com,1976-10-01,"United States",2021-02-09
sduchartcn,Sukey,Duchart,sduchartcn@unicef.org,1998-07-29,"United States",2022-08-12
sedgerley1y,Shina,Edgerley,sedgerley1y@cmu.edu,1981-02-15,"United States",2022-06-01
sedmondsoneb,Sigismund,Edmondson,sedmondsoneb@webeden.co.uk,1959-11-24,"United Kingdom",2022-03-30
seynald61,Sam,Eynald,seynald61@baidu.com,1972-01-30,"United States",2020-01-18
sfarrans46,Stu,Farrans,sfarrans46@tamu.edu,1979-06-11,"United States",2022-05-09
sfetterplacea6,Sheila-kathryn,Fetterplace,sfetterplacea6@pbs.org,1950-01-23,"United States",2020-02-17
sgrasser,Scarlett,Gras,sgrasser@rediff.com,1960-07-13,"United States",2020-12-15
sgrayd,Susan,Gray,sgrayd@google.com,1988-11-30,"United Kingdom",2022-10-19
sgunbie53,Slade,Gunbie,sgunbie53@cbc.ca,1992-10-29,"United States",2022-04-08
sguttridge,Starr,Guttridge,sguttridge@redcross.org,1982-01-08,"United States",2022-10-09
shaggietia,Sonia,Haggiet,shaggietia@dion.ne.jp,1957-10-11,Canada,2021-01-16
sheggescj,Sari,Hegges,sheggescj@infoseek.co.jp,1973-10-26,"United Kingdom",2020-04-05
sholt,Sterne,Hol,sholt@about.com,1976-07-17,"United Kingdom",2021-08-01
shoodes,Shelby,Hood,shoodes@wikispaces.com,1985-04-08,"United States",2020-04-16
sjansemafb,Salaidh,Jansema,sjansemafb@behance.net,1988-07-20,Canada,2020-04-24
skarolovsky5u,Shae,Karolovsky,skarolovsky5u@tuttocitta.it,1980-12-17,"United States",2020-09-13
skesten,Shelagh,Kest,skesten@imageshack.us,1968-12-22,"United Kingdom",2022-06-29
skinderhhni,Salomone,Kinder,skinderhhni@rediff.com,1981-10-24,Canada,2021-09-18
sknowlinggn,Stanislaus,Knowling,sknowlinggn@flickr.com,1995-10-12,Canada,2020-09-06
skodyszki,Sherry,Kody,skodyszki@dagondesign.com,1963-05-10,"United Kingdom",2022-10-16
skoop7e,Shirleen,Koop,skoop7e@myspace.com,1977-01-19,Canada,2022-01-04
slyste6l,Sterling,Lyste,slyste6l@hostgator.com,1974-07-31,Canada,2020-06-16
smalesch,Shayla,Males,smalesch@mit.edu,1962-06-19,"United Kingdom",2020-09-18
smartinec20,Sonny,Martinec,smartinec20@i2i.jp,1987-03-17,Canada,2021-05-30
smazeyk3,Symon,Mazey,smazeyk3@posterous.com,1992-04-17,"United States",2021-07-25
smccobb1j,Stephen,McCobb,smccobb1j@indiatimes.com,1952-04-26,Canada,2020-03-04
smcgraithjw,Sayres,McGraith,smcgraithjw@washingtonpost.com,1981-10-11,"United Kingdom",2022-01-26
smellonby,Shae,Mello,smellonby@i2i.jp,1970-11-27,"United States",2020-06-02
smesias,Si,Mesi,smesias@umich.edu,1988-08-11,Canada,2020-01-08
smicah,Shauna,Mic,smicah@berkeley.edu,1980-07-02,Canada,2022-08-21
sogavins,Schuyler,O'Gavin,sogavins@goodreads.com,1965-06-20,"United Kingdom",2020-01-05
sorger,Sherman,Org,sorger@cpanel.net,1998-08-09,"United States",2020-10-13
spaterno2c,Sheryl,Paterno,spaterno2c@yellowbook.com,1986-04-05,"United Kingdom",2020-03-15
spechacekgt,Scottie,Pechacek,spechacekgt@issuu.com,1984-11-02,Canada,2021-03-20
sphette4a,Stacey,Phette,sphette4a@angelfire.com,1996-07-13,"United Kingdom",2020-10-25
spipkins,Sayre,Pipkins,spipkins@friendfeed.com,1963-02-15,"United States",2021-07-23
spohlakhc,Shaylyn,Pohlak,spohlakhc@businessinsider.com,1976-10-25,Canada,2021-10-04
spresley,Stearne,Presl,spresley@tumblr.com,1980-07-25,"United Kingdom",2022-06-29
ssirnjak,Shae,Sirnj,ssirnjak@dailymotion.com,1983-09-17,Canada,2022-06-16
ssleitfp,Susana,Sleit,ssleitfp@archive.org,1996-05-21,Canada,2021-10-09
ssparrow7j,Shane,Sparrow,ssparrow7j@yellowbook.com,1987-03-27,"United Kingdom",2022-03-13
sstudholmejt,Shoshanna,Studholme,sstudholmejt@shutterfly.com,1996-02-16,Canada,2022-07-17
stregellkb,Sonny,Tregell,stregellkb@networksolutions.com,1971-09-09,"United Kingdom",2021-02-19
sudden7h,Shaughn,Udden,sudden7h@bravesites.com,1992-12-03,"United Kingdom",2020-06-09
swaby9a,Starlene,Waby,swaby9a@admin.ch,1963-01-26,"United States",2021-03-03
swilshere,Sharl,Wilshere,swilshere@themeforest.net,1976-11-21,"United States",2021-02-14
swratteneh,Simone,Wratten,swratteneh@cnet.com,1959-11-11,Canada,2021-11-10
syarwoodf2,Shurwood,Yarwood,syarwoodf2@altervista.org,1970-01-18,Canada,2020-01-25
szupau,Steffie,Zupa,szupau@prlog.org,1978-04-28,Canada,2022-03-07
szylbermann98,Stillman,Zylbermann,szylbermann98@netvibes.com,1951-04-13,"United Kingdom",2020-01-31
tbaggs,Tedman,Bagg,tbaggs@simplemachines.org,1990-01-13,"United Kingdom",2021-02-20
tberringer5i,Tomasine,Berringer,tberringer5i@hp.com,1963-10-06,"United Kingdom",2021-03-30
tboggis45,Thorn,Boggis,tboggis45@apple.com,1974-04-09,"United States",2021-11-17
tbrodejp,Tildi,Brode,tbrodejp@forbes.com,1994-05-04,Canada,2022-04-30
tcampaigne8q,Tanny,Campaigne,tcampaigne8q@skype.com,1976-12-19,Canada,2021-04-15
tcarloni,Tierney,Carlon,tcarloni@dyndns.org,1995-03-29,"United Kingdom",2020-01-01
tcubbit,Tamra,Cubbit,tcubbit@sohu.com,1980-09-26,"United States",2022-02-13
tdenthr,Tory,Dent,tdenthr@amazon.com,1981-01-24,Canada,2022-04-14
tdinapoliba,Thorpe,"Di Napoli",tdinapoliba@comcast.net,1964-07-19,Canada,2021-05-31
tduffelnik,Teodoor,Duffell,tduffelnik@tinyurl.com,1955-10-12,"United Kingdom",2022-07-08
tfaraday6k,Theodosia,Faraday,tfaraday6k@creativecommons.org,1963-06-24,"United States",2022-12-26
tfearnsides4t,Toddie,Fearnsides,tfearnsides4t@shinystat.com,1976-11-09,Canada,2022-12-21
tfreibergh6,Travis,Freiberg,tfreibergh6@moonfruit.com,1984-03-31,Canada,2020-03-21
tgledstane4l,Theo,Gledstane,tgledstane4l@businessinsider.com,1954-04-02,"United States",2020-01-14
tgoodrun,Tildie,Goodrun,tgoodrun@themeforest.net,1977-05-18,Canada,2022-09-21
tgunnlaugik,Tammy,Gunnlaug,tgunnlaugik@gnu.org,1987-02-10,"United States",2021-05-06
tgussina4,Tadeo,Gussin,tgussina4@sohu.com,2002-11-06,"United Kingdom",2022-09-06
thakonsson27,Thorsten,Hakonsson,thakonsson27@ox.ac.uk,1972-02-22,"United States",2021-08-01
thamlyn7u,Thelma,Hamlyn,thamlyn7u@naver.com,1957-01-09,Canada,2021-06-27
thandasydecl,Tami,Handasyde,thandasydecl@msn.com,1984-10-05,Canada,2022-07-26
tkennaird7g,Tan,Kennaird,tkennaird7g@nsw.gov.au,1990-08-27,"United Kingdom",2020-10-09
tkirtlanar,Tammie,Kirtlan,tkirtlanar@list-manage.com,1966-08-20,Canada,2020-11-08
tklimushev8,Theo,Klimushev,tklimushev8@wikia.com,1973-10-31,Canada,2021-03-18
tlazenbye0,Timi,Lazenby,tlazenbye0@wp.com,1994-04-16,Canada,2020-10-08
tlerigocf,Tomas,Lerigo,tlerigocf@ustream.tv,1960-12-03,"United Kingdom",2020-10-14
tlooney4d,Toby,Looney,tlooney4d@wsj.com,2001-02-09,Canada,2020-08-28
tmarkie,Thain,Mark,tmarkie@ox.ac.uk,1968-05-28,"United Kingdom",2020-01-29
tmccardle86,Teddi,McCardle,tmccardle86@uiuc.edu,1956-10-29,Canada,2022-05-06
tmcglue9m,Tracy,McGlue,tmcglue9m@artisteer.com,1959-12-30,"United States",2021-08-16
tmechi23,Tab,Mechi,tmechi23@fema.gov,2003-05-03,"United Kingdom",2020-02-01
tmonahan64,Tomasina,Monahan,tmonahan64@sun.com,1960-12-28,"United States",2021-04-15
tpankridge,Terencio,Pankr,tpankridge@cbslocal.com,1984-02-13,Canada,2021-05-16
tpatrieas,Tiertza,Patrie,tpatrieas@woothemes.com,1973-04-15,Canada,2022-09-26
tpottenes,Tristan,Potten,tpottenes@wunderground.com,1986-03-17,"United Kingdom",2020-12-05
trossibl,Ted,Rossi,trossibl@mozilla.com,1997-06-22,"United Kingdom",2020-11-23
trumbles,Tabbi,Rumb,trumbles@ox.ac.uk,1968-02-21,Canada,2021-06-13
tsalmon,Tiertza,Salm,tsalmon@shop-pro.jp,1965-02-19,Canada,2022-01-05
tsandy9z,Teriann,Sandy,tsandy9z@house.gov,1974-07-21,"United Kingdom",2022-09-14
tsherared,Tatiania,Sherar,tsherared@ucla.edu,1989-06-09,"United Kingdom",2022-09-04
tskrinern,Therese,Skriner,tskrinern@about.me,1976-04-21,"United Kingdom",2022-05-28
tspeener,Tyler,Speen,tspeener@hibu.com,1980-09-16,"United States",2022-10-01
tstewartry,Tammie,Stewart,tstewartry@constantcontact.com,1994-01-13,"United Kingdom",2021-04-01
ttaklec9,Theo,Takle,ttaklec9@netscape.com,1963-03-11,Canada,2022-10-16
ttorricinaer,Tabbie,Torricina,ttorricinaer@lulu.com,1998-09-20,"United Kingdom",2021-06-22
tvarah,Timothee,Varah,tvarah@google.com.au,1988-03-26,"United Kingdom",2022-02-17
tvereechth,Tonya,Vereecke,tvereechth@e-recht24.de,1995-09-22,Canada,2021-11-10
tviccaryhb,Tuck,Viccary,tviccaryhb@usnews.com,1977-06-16,"United Kingdom",2020-08-16
twarfield97,Teresa,Warfield,twarfield97@w3.org,1962-05-06,Canada,2022-04-05
twatters1p,Tani,Watters,twatters1p@trellian.com,1955-04-30,Canada,2021-03-20
twritercw,Tatum,Writer,twritercw@elpais.com,1952-09-04,Canada,2021-04-30
uherkessbs,Uta,Herkess,uherkessbs@seattletimes.com,1955-12-22,"United States",2022-08-19
ukeuntje3,Udale,Keuntje,ukeuntje3@businessinsider.com,1971-01-05,Canada,2022-01-10
upietri68,Urson,Pietri,upietri68@howstuffworks.com,1995-08-02,Canada,2021-06-15
ushepherd,Urson,Shepherd,ushepherd@sun.com,1966-06-01,"United Kingdom",2020-02-01
vbilam,Violet,Bil,vbilam@hatena.ne.jp,1980-08-01,"United Kingdom",2020-11-11
vbinehambd,Veronike,Bineham,vbinehambd@mashable.com,1976-12-14,Canada,2021-08-03
vcasanova,Valerye,Casanova,vcasanova@issuu.com,1958-07-27,"United States",2021-07-17
vdeeprose3m,Vyky,Deeprose,vdeeprose3m@github.com,1983-11-05,"United Kingdom",2021-12-14
vgladebeck30,Vassili,Gladebeck,vgladebeck30@etsy.com,1954-08-06,"United States",2020-01-31
vgregor1r,Vivianne,Gregor,vgregor1r@ucla.edu,1994-08-24,"United Kingdom",2020-02-14
vgurys33,Vikki,Gurys,vgurys33@studiopress.com,1988-11-25,"United Kingdom",2020-07-23
vhaslen,Vannie,Hasle,vhaslen@toplist.cz,1986-12-01,"United States",2022-04-09
vhurnef3,Vitoria,Hurne,vhurnef3@sogou.com,1981-05-06,"United Kingdom",2021-09-24
vjaquisse,Vale,Jaquis,vjaquisse@dell.com,1984-08-20,"United Kingdom",2021-09-05
vmoxley62,Vivia,Moxley,vmoxley62@skype.com,1976-11-23,"United Kingdom",2021-08-30
vmulleary,Vallie,Mulleary,vmulleary@icio.us,1974-12-08,"United Kingdom",2021-10-09
vnoonaj,Vivien,Noon,vnoonaj@fema.gov,1993-08-04,"United Kingdom",2022-11-20
vnorth1v,Victoria,North,vnorth1v@dagondesign.com,1958-01-24,"United States",2020-08-30
vorltonec,Valencia,Orlton,vorltonec@ask.com,1983-03-22,Canada,2022-07-07
vpharrow2f,Vail,Pharrow,vpharrow2f@forbes.com,1981-11-14,"United Kingdom",2021-08-21
vpipergk,Vania,Piper,vpipergk@sciencedaily.com,1962-12-10,"United Kingdom",2022-03-28
vsiemantel4y,Vidovik,Siemantel,vsiemantel4y@taobao.com,1982-09-25,Canada,2021-05-30
vsplinterk7,Veradis,Splinter,vsplinterk7@macromedia.com,1996-04-18,"United States",2020-10-11
vwittier6b,Von,Wittier,vwittier6b@scientificamerican.com,1969-06-23,"United States",2020-12-04
wbaynton,Wallache,Baynt,wbaynton@boston.com,1976-02-01,"United Kingdom",2020-06-15
wbesqueih,Willdon,Besque,wbesqueih@theguardian.com,1997-12-23,Canada,2022-10-02
wbineham4x,Wilma,Bineham,wbineham4x@mac.com,1977-09-10,"United Kingdom",2020-03-26
wchripp,Wilfrid,Chri,wchripp@usnews.com,1992-09-25,"United States",2021-07-16
wcordy8j,Wadsworth,Cordy,wcordy8j@squarespace.com,1973-09-25,"United States",2022-06-03
wcurgenven3c,Wini,Curgenven,wcurgenven3c@hp.com,1967-01-18,"United Kingdom",2022-01-01
wdagwell6u,Wilfrid,Dagwell,wdagwell6u@constantcontact.com,1979-12-10,"United States",2021-07-19
wderges8g,Wynn,Derges,wderges8g@discovery.com,1994-02-23,Canada,2021-11-05
wdeval,Wendye,Deva,wdeval@hhs.gov,1983-02-23,"United States",2021-07-16
wdominguez40,Walsh,Dominguez,wdominguez40@shareasale.com,1966-08-04,Canada,2021-06-23
wdregan3u,West,Dregan,wdregan3u@spiegel.de,1977-08-06,Canada,2022-06-03
wenticknap8m,Walt,Enticknap,wenticknap8m@163.com,1965-04-04,Canada,2020-03-04
wespincv,Willie,Espin,wespincv@amazonaws.com,1958-09-19,Canada,2022-08-24
wfone6h,Wren,Fone,wfone6h@upenn.edu,1951-07-28,Canada,2022-07-11
wgladden5e,Winonah,Gladden,wgladden5e@g.co,1977-05-15,"United States",2022-10-11
wgreated,Wanda,Greate,wgreated@storify.com,1983-01-16,"United States",2022-04-24
wgrigoroni,Wilfrid,Grigo,wgrigoroni@fda.gov,1974-09-30,"United States",2021-11-08
wgyford89,Wiatt,Gyford,wgyford89@live.com,1973-05-07,"United States",2022-09-15
whowey,Win,How,whowey@alibaba.com,1998-10-28,"United Kingdom",2020-09-23
wjenckesdn,Waldemar,Jenckes,wjenckesdn@marriott.com,1954-06-10,"United States",2022-02-13
wlayne,Wyatt,Layn,wlayne@arstechnica.com,1973-06-12,"United States",2021-12-16
wlinger17,Wilmer,Linger,wlinger17@parallels.com,1990-06-07,"United Kingdom",2020-06-27
wmauchline1c,Washington,Mauchline,wmauchline1c@nature.com,1978-08-24,Canada,2020-12-07
wmealand,Waly,Meal,wmealand@mysql.com,1958-06-12,"United Kingdom",2022-08-03
woakenfieldb7,Wynnie,Oakenfield,woakenfieldb7@elpais.com,2003-10-31,"United States",2022-11-19
wpadstow,Willdon,Padstow,wpadstow@foxnews.com,1968-10-15,"United States",2021-05-17
xbernat1q,Xymenes,Bernat,xbernat1q@hao123.com,1987-10-07,Canada,2022-02-23
xbricket,Xylia,Bric,xbricket@posterous.com,1981-01-15,"United Kingdom",2022-05-01
ybatters,Yelena,Batt,ybatters@storify.com,1957-12-12,Canada,2021-11-04
yfeather,Yorgo,Feather,yfeather@dailymotion.com,1957-11-19,"United Kingdom",2020-07-21
yfranciisid,Yorgos,Franciis,yfranciisid@fastcompany.com,1991-09-24,"United Kingdom",2021-12-21
yslora,Yoko,Slor,yslora@wikipedia.org,1990-10-20,Canada,2020-02-28
ystanesbyh1,Yorke,Stanesby,ystanesbyh1@mashable.com,1981-02-10,"United States",2022-12-30
zaronovitz59,Zena,Aronovitz,zaronovitz59@redcross.org,1967-11-15,Canada,2020-12-28
zashleigh,Zebadiah,Ashl,zashleigh@hubpages.com,1960-01-16,"United Kingdom",2022-01-23
zfedynskijn,Zebulen,Fedynski,zfedynskijn@sun.com,1964-07-23,"United States",2021-05-24
zglenisterdd,Zebedee,Glenister,zglenisterdd@naver.com,1973-02-03,"United Kingdom",2021-01-11
zheldenij,Zaccaria,Helden,zheldenij@ox.ac.uk,1963-04-27,"United Kingdom",2020-11-27
zmilbyey,Zaria,Milby,zmilbyey@hostgator.com,1989-05-31,Canada,2020-07-16
zpopleefr,Zoe,Poplee,zpopleefr@webeden.co.uk,1992-06-16,"United States",2021-12-27
zscraftona8,Zelma,Scrafton,zscraftona8@umich.edu,1985-08-10,"United Kingdom",2022-03-27
zshaxbyh0,Zachariah,Shaxby,zshaxbyh0@dmoz.org,1960-09-24,"United Kingdom",2022-02-14
zstearndale7c,Zita,Stearndale,zstearndale7c@techcrunch.com,1954-01-31,"United States",2022-04-05
